fav_number,statuses_count,followers_count,friends_count,favourites_count,listed_count,lang,label
4,127,23,152,1,0,2,0
16613,7227,786,834,2356,9,6,0
348,3627,227,627,253,0,6,0
210,5845,611,745,547,9,2,0
2606,4375,521,487,27,2,6,0
4754,574,112,359,39,0,6,0
2980,621,25,135,2,0,6,0
1374,17,6,11,0,0,6,0
797,6866,463,330,2180,5,2,0
11,612,100,259,24,2,6,0
3,1601,147,405,9,3,6,0
1,348,262,1513,28,1,6,0
68,1367,404,1015,2,4,6,0
215,30909,2818,3032,1981,87,2,0
331,1806,193,117,393,1,6,0
15860,733,104,268,1,1,6,0
15966,1166,82,92,511,0,6,0
0,119,20,88,0,0,6,0
26,252,53,411,6,0,6,0
729,191,13,68,1,0,6,0
1323,820,227,521,20,5,6,0
164,7654,154,198,1079,2,6,0
1658,115,16,67,2,0,6,0
2819,891,68,267,5,1,2,0
144,1406,319,1027,22,1,6,0
8,132,26,115,0,0,6,0
27,22257,495,413,113,1,6,0
81,4681,1206,1650,2235,1,6,0
1108,2656,95,174,224,3,2,0
455,4061,193,936,1634,0,6,0
23981,2453,333,678,1510,2,6,0
727,1110,179,2000,0,1,6,0
23,460,41,183,16,0,6,0
2125,129,8,78,1,0,6,0
5,1911,112,137,86,0,6,0
598,15,17,92,0,0,6,0
9174,1334,94,338,97,0,6,0
33,751,45,89,2,0,6,0
29,1550,235,533,5,3,6,0
3234,280,50,1273,8,1,2,0
1314,87,195,335,11,1,6,0
284,19361,474,389,14497,13,6,0
0,862,127,266,405,0,6,0
5831,736,26,58,7,0,6,0
629,68,31,95,44,0,6,0
21507,7760,768,336,1304,18,6,0
12,5287,849,1846,117,3,6,0
1962,104,63,295,0,1,6,0
36,142,9,40,2,0,6,0
4082,960,172,535,108,2,6,0
215,257,43,64,15,0,6,0
458,209,30,301,6,0,6,0
5157,70,22,106,1,0,6,0
1506,90,10,22,0,0,3,0
3431,705,1110,991,287,8,6,0
7034,1181,55,271,6,0,6,0
756,503,546,1224,1,4,6,0
0,370,69,143,42,0,6,0
34,331,95,396,8,0,6,0
6985,8613,473,373,671,7,5,0
17,24901,330,725,13006,2,6,0
24,1420,49,97,36,0,6,0
583,655,32,62,54,0,6,0
1,58,29,114,52,0,6,0
2636,1153,129,156,81,1,6,0
316,903,126,273,6,1,6,0
1234,195,19,53,58,0,6,0
13033,1135,53,77,177,0,6,0
6185,163,59,128,8,0,6,0
3656,1621,254,562,291,7,6,0
5746,1393,29,100,31,0,6,0
462,1178,41,94,17,1,6,0
6579,4542,184,204,1686,2,6,0
16062,1088,117,295,12,0,6,0
4408,5472,6352,3873,65,11,6,0
0,921,139,190,99,0,6,0
4073,519,139,454,17,3,2,0
1428,478,23,101,566,0,6,0
10536,4240,1012,1449,578,25,6,0
1047,2368,78,272,40,1,6,0
0,325,139,235,185,1,6,0
1931,215,54,210,2,1,6,0
1,568,158,209,19,2,6,0
551,5436,150,95,4167,2,6,0
11434,1792,209,284,62,3,6,0
23,194,46,107,6,2,2,0
19933,386,107,99,6,1,6,0
0,73,7,18,1,0,6,0
57,540,116,220,45,1,6,0
17377,591,152,188,413,0,6,0
511,2685,68,258,585,1,6,0
207,683,67,440,187,0,3,0
1,3553,155,376,300,0,6,0
0,13716,1302,995,1527,5,6,0
132401,57,13,93,0,0,6,0
298,2517,54,125,1,0,6,0
172,18267,1964,2003,22732,4,6,0
565,189,35,178,6,0,6,0
2871,160,46,146,22,0,4,0
0,939,130,335,81,0,6,0
1,825,76,396,130,0,6,0
1045,2549,138,181,519,0,6,0
13,42715,3335,3313,44349,31,6,0
23,597,4,20,0,0,6,0
199,10043,362,233,56,4,6,0
10636,729,46,288,463,0,6,0
18,229,32,145,6,0,6,0
10619,1575,148,284,389,2,6,0
3536,166,60,284,9,0,6,0
50,1105,422,463,1015,3,6,0
5597,6256,517,34,264,3,6,0
850,5165,425,1320,437,2,6,0
10199,42290,2194,1558,177,100,2,0
10813,638,215,318,0,0,6,0
46,2437,1594,1994,363,10,6,0
209,133,25,131,1,0,6,0
7341,456,43,210,6,0,6,0
0,6948,2059,371,492,42,6,0
215,2190,46,122,15,0,6,0
76,3461,239,348,458,4,6,0
0,52,24,137,0,0,6,0
17468,18860,1377,693,646,50,6,0
15,4082,244,294,257,0,6,0
12333,1448,344,548,2,6,6,0
159,169,13,41,3,0,2,0
965,1308,93,157,706,0,6,0
0,28808,2638,1743,1021,39,6,0
0,402,93,78,36,4,6,0
404,2740,107,258,39,7,2,0
7,114,47,87,11,0,6,0
203,16776,410,516,2338,5,6,0
1015,2213,162,97,7,1,6,0
512,456,28,127,1,2,6,0
1041,5703,325,474,119,1,6,0
14123,9824,195,117,102,8,6,0
5,14,19,50,0,0,6,0
18171,1013,38,151,34,0,6,0
2124,1033,181,279,6,8,6,0
10,1766,95,255,4,4,6,0
75,200,43,203,2,2,6,0
24,3506,389,909,79,3,6,0
6813,19025,346,356,20,10,6,0
3,172,17,50,1,0,6,0
0,2277,150,536,33,5,2,0
979,18611,295,49,1947,0,6,0
4896,114,17,36,7,0,6,0
3,4476,612,257,267,35,6,0
164,558,111,118,8,0,6,0
0,2186,193,320,24,1,4,0
46,8639,348,491,412,5,6,0
4525,1386,88,267,106,0,2,0
11400,221,52,353,8,0,6,0
53,392,23,57,38,1,6,0
33485,9,19,139,3,0,6,0
1836,2487,196,329,588,1,6,0
33672,2935,184,302,1,5,3,0
3665,4357,231,152,90,0,2,0
4204,385,39,286,0,0,6,0
3048,232,18,60,3,0,2,0
13164,352,17,244,0,0,6,0
6462,102,25,160,0,0,6,0
137,360,18,65,5,0,6,0
36393,2894,80,145,10,1,6,0
1233,1473,108,250,7,2,6,0
0,4862,116,160,98,2,2,0
0,3280,651,912,1712,4,6,0
3950,745,195,554,2,0,6,0
4763,3190,105,42,354,0,6,0
2387,2636,54,100,0,0,2,0
311,1667,408372,194,4,744,6,0
1490,752,43,190,19,0,2,0
1,1254,54,219,2,0,6,0
31261,190,76,198,8,0,6,0
1322,38781,623,323,1209,22,2,0
797,1697,104,300,21,1,6,0
1924,500,35,105,2,0,6,0
0,7999,178,404,25,0,6,0
4714,114,144,178,0,1,6,0
14829,1322,144,227,37,2,6,0
7186,360,46,86,2,0,6,0
15341,4323,80,40,99,2,6,0
1367,56,62,414,1,0,6,0
8,342,51,205,2,0,6,0
0,1680,110,190,851,2,6,0
15444,79876,473,299,203,16,6,0
0,538,98,245,29,0,6,0
2892,236,39,165,620,0,6,0
23,3439,474,446,4696,2,6,0
20,4245,264,731,419,0,6,0
2284,9057,504,401,3891,9,6,0
0,486,57,170,17,2,6,0
1632,575,8,43,99,0,6,0
0,9282,646,646,811,4,6,0
11560,106,45,167,0,0,6,0
8543,185,128,487,121,2,6,0
129,13300,238,158,1905,5,6,0
353,559,181,173,25,2,6,0
11618,1671,86,80,50,2,6,0
29163,230,5,93,0,0,6,0
20,969,69,210,233,1,6,0
24242,807,99,366,147,2,6,0
239,889,201,500,7,5,2,0
13662,8910,111437,4071,2214,54,6,0
3665,15795,6403,5835,10365,28,6,0
5,15238,516,801,30,3,2,0
8103,1580,834,993,53,2,6,0
89,319,66,241,0,0,6,0
1118,6273,588,868,16,9,6,0
7852,128,65,141,0,1,6,0
0,989,34,105,1,1,6,0
581,88,20,94,1,0,6,0
4709,1425,145,213,3622,0,6,0
0,19620,1084,899,38,26,6,0
1,22540,2065,1125,0,64,6,0
0,1012,283,268,15,3,2,0
21,693,101,299,20,0,6,0
0,825,93,185,10,0,6,0
303,685,83,249,756,1,6,0
53,120,24,83,16,0,6,0
5661,1302,253,608,1,1,6,0
0,133,37,108,28,0,6,0
3729,465,13,36,37,0,6,0
431,14,2,6,0,0,6,0
1212,5507,1945,195,1,39,6,0
239,4166,280,536,632,15,2,0
46,1095,45,52,2,0,6,0
5272,1225,60,289,66,0,6,0
0,1529,315,706,1409,1,6,0
915,219,45,133,0,0,6,0
4902,516,46,96,28,0,2,0
14,154,19,120,17,0,6,0
0,1298,81,253,117,1,2,0
80094,9966,115,454,60,10,2,0
22,3098,59,165,587,0,6,0
46,2716,284,278,1549,6,6,0
11,145,10,23,2,1,6,0
404,489,276,448,216,0,6,0
12629,1065,144,543,156,0,6,0
12,3029,200,229,1787,1,6,0
293,433,52,233,36,0,6,0
2,492,57,83,470,0,6,0
2526,45,23,65,2,0,6,0
0,603,68,122,60,0,6,0
1094,1912,34,194,8,0,6,0
131,421,48,96,1,0,2,0
1081,493,34,99,65,1,6,0
2331,299,82,174,191,2,2,0
972,242,27,128,119,0,6,0
21,430,64,133,191,1,6,0
20516,2943,123,148,83,0,6,0
289,1462,68,96,6,0,2,0
2,618,22,125,207,0,6,0
5356,5755,201,165,3,0,6,0
1,24,71,259,5,18,6,0
1151,96,26,51,0,0,6,0
150,951,47,123,38,1,6,0
21,576,78,209,0,2,6,0
23872,130,30,127,148,0,6,0
166,1497,153,308,121,3,6,0
159,1368,252,627,98,1,6,0
0,12381,297,215,259,3,6,0
90,8382,1000,1842,1562,6,6,0
1312,103,45,66,0,0,6,0
21,274,20,80,4,0,6,0
6421,1875,97,198,525,0,6,0
124,948,35,332,201,1,6,0
88,3806,198,126,528,6,6,0
3825,5206,172,337,10,2,6,0
0,2551,180,637,187,1,6,0
18,165,45,179,0,0,6,0
10,9665,730,1059,122,9,6,0
113,844,149,121,67,1,6,0
1022,1529,70,121,490,0,6,0
6519,1402,150,179,244,1,6,0
14320,4898,1498,1478,670,9,6,0
0,299,29,28,3,0,2,0
30,7,6,54,1,0,6,0
7903,4812,575,860,30,18,6,0
1,7122,564,705,169,5,6,0
6805,344,49,20,37,0,6,0
0,591,1061,1653,227,2,6,0
1939,7074,471,759,6102,4,6,0
6044,6002,272,336,0,15,6,0
7499,1391,50,144,104,0,6,0
1107,801,147,309,85,2,6,0
405,1901,61,173,42,1,6,0
14,485,423,400,0,1,6,0
3,1373,68,84,86,0,6,0
174,1162,962,1999,95,12,6,0
1,199,31,121,1,0,6,0
7634,28833,329,588,61,11,6,0
0,165,30,314,1,0,6,0
96,1277,300,1019,0,1,6,0
275,260,28,200,61,0,6,0
10966,847,49,79,2,0,6,0
269,423,2,20,0,0,6,0
5959,85,3,22,4,0,6,0
0,18470,1341,2002,4279,7,6,0
1,556,237,358,38,3,6,0
6342,210,73,93,0,0,6,0
152,1206,80,346,14,0,2,0
267,471,87,361,3,1,6,0
423,1730,381,821,218,0,6,0
579,360,44,102,1,0,6,0
430,1784,70,209,303,1,6,0
0,155,26,51,0,0,6,0
36706,1242,717,1092,370,2,6,0
1722,3833,111,216,0,1,6,0
1680,155,45,173,10,0,6,0
63550,1064,223,320,113,1,6,0
11232,67,11,58,8,0,2,0
5033,1352,1403,1442,287,6,6,0
20105,754,19,82,26,0,6,0
8900,5561,587,295,4,9,6,0
0,428,61,78,8,6,6,0
3291,14467,1612,1581,431,10,6,0
539,5936,200,461,81,4,6,0
5599,285,95,200,80,1,6,0
8690,255,13,167,3,0,6,0
11565,364,32,110,16,0,6,0
950,1583,230,273,417,1,6,0
550,42,1,69,0,0,6,0
1995,134,32,126,32,2,6,0
5623,4043,126,126,98,1,6,0
634,1184,75,138,0,0,6,0
308,968,125,235,325,1,6,0
0,638,139,176,1,2,2,0
862,2475,207,356,38,1,6,0
23,6595,51,317,0,1,6,0
0,1096,45,289,84,0,6,0
20,676,61,227,169,1,6,0
525,2338,259,824,383,0,6,0
0,1288,241,663,94,1,6,0
159,444,125,452,16,4,2,0
0,216,46,47,1,0,6,0
0,70,11,16,0,1,2,0
4436,486,26,159,1,0,6,0
103,732,85,338,16,3,2,0
17066,44,2,32,0,0,6,0
0,7838,213,506,180,9,6,0
5,1424,128,472,285,0,6,0
1,266,39,180,7,0,6,0
11209,2691,192,195,1208,1,2,0
8167,3203,694,886,375,0,6,0
38502,1095,50,115,39,0,6,0
13892,1287,22,105,4,0,6,0
0,302,56,156,12,4,6,0
230,107,89,81,4,0,6,0
2,3027,190,795,176,2,6,0
5061,812,466,911,169,1,6,0
0,185,12,66,4,0,6,0
42,2228,48,164,1,1,6,0
36,748,85,460,80,1,2,0
0,9425,30425,162,157,135,6,0
1472,8384,2526,299,1178,41,6,0
0,11156,148,104,18,5,6,0
239,2493,275,549,8,0,6,0
25,2568,351,341,318,2,6,0
1041,259,97,126,53,0,6,0
32,887,19,51,1,0,6,0
56,1027,94,195,34,0,6,0
4750,6016,430,503,795,2,6,0
1643,27327,973,530,7862,3,6,0
165,1069,137,150,48,2,6,0
1301,2185,64,262,173,0,6,0
3260,2492,490,567,17,2,6,0
7,1219,80,169,52,1,6,0
15,1824,156,91,57,4,6,0
134,1598,39,74,16,2,6,0
18,359,28,150,1,0,2,0
2219,666,33,135,1,0,6,0
5179,392,129,335,303,1,6,0
1095,169,30,56,21,0,6,0
43,1465,61,158,38,2,6,0
24,324,82,128,8,0,6,0
11042,440,114,69,1334,0,6,0
61,1878,262,685,54,13,6,0
360,131,79,321,19,1,6,0
0,260,56,96,10,2,6,0
178,508,479,261,0,17,6,0
329,276,129,325,55,0,6,0
295,17681,937,1491,105,18,2,0
2888,21,67,232,0,0,6,0
326,235,43,182,13,0,6,0
17796,3717,225,290,21,3,6,0
2361,78338,2800,2406,27726,48,6,0
2988,4633,158,413,59,4,6,0
40107,1747,174,307,13,1,6,0
45,42,293,1527,0,6,6,0
336,2917,395,700,12,8,6,0
11,282,12,36,6,0,6,0
15,19978,866,1524,580,18,6,0
2558,409,74,122,0,0,6,0
2912,1358,119,626,136,0,6,0
240,575,18,100,4,0,6,0
23,3302,370,934,103,7,6,0
1204,5311,1249,886,296,37,6,0
1724,8635,1707,1376,3266,67,2,0
3286,759,286,1625,2,1,6,0
18,421,104,187,20,0,6,0
14628,1869,95,135,42,0,6,0
3816,295,96,233,6,0,6,0
2,63,10,41,10,0,2,0
0,1651,16,55,5,0,6,0
0,26,50,152,5,0,6,0
5578,5339,253,181,3872,0,6,0
455,5250,397,666,2843,0,6,0
16210,716,149,428,109,0,2,0
1799,15131,2107,1898,1170,28,6,0
5601,10954,314,148,149,8,2,0
1661,140,13,31,1,0,6,0
0,57,76,650,0,0,2,0
16537,629,61,179,236,1,6,0
27,1656,126,650,20,0,6,0
113,1008,14,36,0,0,6,0
70,10,8,35,0,0,6,0
0,205,41,175,3,0,6,0
2281,6793,210,175,23,2,6,0
326,3730,220,282,34,6,3,0
2768,121,43,164,9,0,6,0
1053,5315,219,383,186,3,6,0
4213,324,28,208,145,2,6,0
570,1959,289,364,56,1,2,0
229,1045,66,125,29,0,6,0
95,246,333,1598,10,0,2,0
0,550,50,195,22,0,6,0
73611,827,161,309,452,0,6,0
4505,106,27,192,7,0,6,0
577,103,19,52,0,0,6,0
1507,411,31,139,29,1,6,0
142,142,3,56,1,0,6,0
1,853,62,388,38,0,6,0
14300,183,17,78,3,1,6,0
503,2386,338,400,810,6,6,0
253,144,121,23,0,0,6,0
687,10,4,0,0,0,6,0
538,798,29,105,3,0,6,0
0,3427,396,962,13,5,6,0
516,2754,477,218,224,13,6,0
29,80,54,187,46,1,6,0
0,205,61,143,11,0,6,0
1124,594,44,91,0,0,6,0
1898,160,53,487,1,1,2,0
8439,530,138,429,53,0,6,0
13988,5558,872,625,3146,7,6,0
25744,3332,269,253,281,1,6,0
137,77,30,46,20,1,6,0
16667,2471,195,659,71,0,6,0
10199,6357,215,681,1356,3,6,0
7581,1670,257,1462,145,2,6,0
0,1652,412,1974,4,3,6,0
511,3866,533,51,0,15,6,0
1515,520,101,286,98,1,6,0
10,2212,117,287,2,2,3,0
31,72,21,45,0,0,6,0
999,991,55,100,9,0,6,0
22925,2291,93,287,290,0,6,0
11414,2683,57,215,82,0,6,0
0,1379,66,662,236,0,6,0
18,3863,102,90,457,1,6,0
6320,549,63,157,43,1,6,0
117,1215,105,547,14,0,6,0
338,80,30,161,0,0,6,0
1016,54,28,126,0,0,6,0
751,189,26,91,8,0,6,0
67,2177,178,648,186,0,6,0
29,77,14,18,1,1,2,0
80,3608,121,203,40,0,6,0
216,49836,1382,1006,387,11,2,0
2974,1292,38,101,498,0,6,0
32163,3204,120,253,4,0,6,0
0,868,164,351,36,1,6,0
10230,18,8,80,0,0,6,0
1332,2230,93,159,401,3,6,0
788,128,126,139,8366,0,6,0
0,762,71,280,78,0,6,0
1495,4178,169,322,780,0,6,0
28858,1111,84,601,0,3,6,0
5096,116,52,201,4,0,6,0
1655,103,14,50,0,0,6,0
79,3784,336,787,173,3,6,0
3776,38,10,22,0,0,6,0
1140,9626,508,1153,3819,0,6,0
476,124,26,55,4,0,6,0
12270,9717,546,646,1543,2,6,0
4539,2073,180,168,465,1,6,0
3,30,9,37,0,0,6,0
73,5811,1578,332,11,35,6,0
60,248,85,401,5,0,6,0
0,362,72,112,1,0,6,0
327,1034,222,389,37,1,2,0
69,139,53,53,0,1,6,0
30,1280,88,613,19,0,6,0
0,6991,1001,614,2401,6,6,0
4391,276,87,171,40,1,6,0
42,65,12,111,0,0,6,0
4800,778,50,67,6,0,8,0
3823,413,42,275,42,0,6,0
10293,4392,418,1020,6,1,6,0
1,1681,148,232,6,0,6,0
14186,4725,287,803,197,3,6,0
63,2414,109,327,67,3,6,0
2066,103,88,229,109,0,6,0
26,1142,176,494,3,1,6,0
4119,669,284,362,69,2,6,0
1234,1188,65,235,1,1,6,0
2971,309,280,149,31,7,2,0
5955,36944,582,437,702,10,6,0
62,9317,161,195,2,3,6,0
187,358,161,700,9,2,6,0
1,1843,262,323,98,4,6,0
5539,1573,54,109,37,1,6,0
0,3266,384,1172,39,6,6,0
4236,219,263,1627,4,6,2,0
10432,1502,344,428,110,0,2,0
1536,479,62,127,19,0,6,0
3,36,16,67,1,1,6,0
0,5660,554,937,6,23,6,0
0,6464,2352,469,251,80,6,0
190,2085,341,454,289,0,6,0
58,371,413,70,9,6,6,0
8304,752,39,113,0,0,6,0
16494,1771,29,228,4,0,6,0
9,150,10,74,1,0,6,0
1094,1421,30,84,121,0,6,0
54,242,10,63,36,0,6,0
30,5804,562,626,29,1,6,0
12951,3797,570,576,306,3,6,0
102,3980,625,268,267,8,6,0
52,138,105,48,4,2,6,0
1,2222,159,227,69,0,6,0
0,3569,127,290,4,3,6,0
851,606,46,201,37,0,6,0
2725,12826,5109,63,1890,54,2,0
751,975,35,104,0,1,6,0
2,3119,426,653,344,1,6,0
6,16432,1119,1529,2215,13,6,0
2316,154,45,94,6,0,2,0
181,493,300,310,3,6,6,0
0,16601,211,172,806,0,6,0
0,104,11,75,0,0,6,0
90,222,125,300,20,0,6,0
1032,244,18,40,112,0,6,0
642,3134,162,369,422,5,6,0
1928,441,36,166,0,0,6,0
304,226,40,114,45,0,6,0
15,241,21,137,8,0,6,0
3371,4111,314,338,47,8,6,0
0,2060,100,164,19,0,6,0
245,758,102,254,2,2,2,0
12,293,0,109,134,0,6,0
0,21,12,106,0,0,6,0
9968,2168,93,360,757,0,6,0
86,2893,160,227,71,4,6,0
1,22679,560,661,381,7,6,0
1669,173,12,41,2,0,6,0
27220,1117,45,141,9,0,6,0
460,1451,183,495,8,0,6,0
26721,1425,83,70,616,1,2,0
37,882,147,296,46,5,6,0
1259,141,78,170,17,1,6,0
785,478,34,77,2,0,2,0
0,6532,181,237,70,1,6,0
31477,604,80,206,0,0,6,0
0,272,106,232,106,0,6,0
0,9410,577,776,448,7,6,0
606,59,6,76,8,0,6,0
2394,1945,75,384,14,0,6,0
0,460,99,341,15,0,6,0
44214,2312,394,498,906,2,6,0
23317,632,31,99,203,0,2,0
183,6124,656,241,939,1,6,0
2130,1550,256,490,176,0,6,0
0,506,106,168,6,0,6,0
202,40586,640,622,1118,32,2,0
559,4447,160,167,3411,1,6,0
0,3316,378,662,3,4,6,0
7,3366,78,215,6,0,6,0
3901,3603,138,179,53,1,6,0
0,285,55,221,10,0,6,0
6528,1048,314,659,139,1,6,0
1854,1183,7,87,21,0,6,0
1900,9686,208,196,219,4,6,0
1,2500,90,137,504,1,6,0
817,294,42,81,13,0,2,0
244,2064,238,590,26,5,6,0
1,293,42,139,0,0,6,0
5,6378,1531,1991,0,22,6,0
102865,6720,287,671,1597,0,6,0
675,113,104,369,0,1,6,0
4,854,37,260,26,0,6,0
24185,1587,57,276,84,2,2,0
1,865,371,300,236,0,6,0
888,1148,92,540,470,0,6,0
415,293,57,53,2,2,6,0
5,861,32,93,2,1,6,0
9145,883,1047,1516,7,10,6,0
213,1799,97,348,36,1,6,0
2713,5369,300,102,28,3,6,0
3013,7739,321,305,61,2,6,0
2385,259,145,159,1,0,6,0
262,593,193,879,16,0,6,0
142,8784,353,582,37,3,6,0
3394,2069,131,356,336,2,6,0
638,3046,67,94,5,2,6,0
9406,123,13,129,1,0,6,0
207,2576,63,83,448,1,6,0
0,509,120,100,6,1,6,0
521,802,44,63,29,0,6,0
0,709,248,707,12,2,6,0
3312,1748,110,240,253,1,6,0
18334,1315,71,107,83,0,6,0
8,184,41,140,21,0,2,0
1741,74,16,42,88,0,2,0
0,1544,61,160,731,0,6,0
2,20,21,79,0,1,6,0
1933,30,28,88,0,0,6,0
554,1476,125,187,0,0,6,0
2995,612,29,142,32,0,6,0
3148,4855,893,2000,102,2,6,0
0,13511,1103,1999,1069,14,6,0
337,939,114,162,980,1,6,0
18,5036,178,901,1057,1,6,0
4,3397,173,390,3,2,2,0
10849,1487,94,107,332,1,6,0
4481,174,34,109,1,0,6,0
4346,1263,53,128,89,0,6,0
3761,246,14,141,0,0,6,0
44,78,57,207,3,0,6,0
572,1102,189,164,3,1,6,0
7745,79,16,75,10,0,6,0
9716,273,99,239,11,0,6,0
0,24057,1076,840,69,36,6,0
3737,8685,670,967,464,6,6,0
825,834,102,252,15,0,6,0
66214,344,24,99,14,0,6,0
7696,4024,264,87,323,16,2,0
4122,1183,128,168,2,5,2,0
3955,101,22,29,3,0,6,0
2,3074,445,618,501,11,3,0
306,33,28,168,64,0,6,0
1,3,2,4,0,0,6,0
10158,2396,46,68,154,0,6,0
384,1138,33,99,27,0,6,0
5601,1294,254,276,89,8,6,0
12237,863,243,904,5,1,6,0
18,239,732,1970,0,7,6,0
1265,1396,175,327,68,4,2,0
146,92,24,118,4,0,6,0
13,395,33,97,2,0,6,0
3826,1669,74,166,60,1,6,0
363,2464,124,186,645,2,6,0
13968,859,39,218,1,0,6,0
0,495,34,68,5,0,2,0
1051,5876,616,647,1061,29,6,0
1095,1257,160,243,259,1,6,0
8434,108,13,28,2,0,6,0
4561,4149,279,64,20,22,2,0
38680,3902,290,347,918,12,6,0
192,8707,1053,448,400,30,6,0
16836,493,47,80,24,0,6,0
1748,534,117,153,25,2,6,0
5669,1407,263,414,72,4,6,0
34,2185,74,345,32,1,2,0
556,87,19,46,66,0,6,0
6840,6765,147,283,1005,0,6,0
450,3763,1169,1642,32,7,6,0
7386,3177,138,158,51,0,6,0
378,18600,1533,996,4875,17,6,0
85,15365,3813,1505,550,63,2,0
219586,1906,381,1428,30,0,6,0
153,69,40,56,0,0,6,0
8390,1236,437,1328,3049,0,6,0
18,42,18,18,6,0,6,0
3166,2854,362,342,307,4,6,0
1463,186,40,152,0,0,2,0
3316,660,757,263,34,22,6,0
508,1133,106,242,99,0,6,0
23,1924,62,157,426,1,6,0
5,4504,161,403,163,1,6,0
219,45,153,36,1,4,6,0
216,4388,96,114,53,2,6,0
729,622,106,203,63,4,6,0
1628,3720,179,154,6,2,2,0
541,1343,41,45,5,0,6,0
267,971,48,112,8,1,6,0
4,4001,639,355,894,1,6,0
0,612,131,85,1,0,6,0
2760,1570,243,761,388,9,2,0
8,4190,140,190,46,0,2,0
366,8679,274,251,257,37,2,0
1,948,66,236,0,1,6,0
995,713,43,77,0,0,6,0
0,650,18,106,74,0,6,0
329,2617,128,324,63,3,6,0
8026,39,31,51,4,0,6,0
0,160,23,227,1,0,2,0
711,1122,300,951,8,6,6,0
0,500,187,186,17,1,6,0
6798,3199,111,216,289,7,2,0
0,312,76,275,4,1,6,0
313,2275,165,285,181,4,2,0
7976,668,38,71,204,0,6,0
1269,88,16,121,0,0,6,0
33118,2277,85,152,7,1,6,0
5,25,15,44,7,0,6,0
616,34,72,123,3,0,6,0
184,268,120,429,76,0,2,0
7351,709,116,112,124,2,6,0
2613,5687,390,558,1046,7,6,0
0,482,26,73,5,0,6,0
65914,3412,10116,246,198,0,6,0
14992,6131,488,366,1058,10,6,0
1,2882,63,428,8,2,6,0
316,120,119,147,1,0,6,0
0,24423,1057,1433,1834,16,6,0
33,4288,126,199,5,1,2,0
5831,360,95,213,1,0,6,0
0,887,547,1416,179,2,6,0
0,225,77,178,219,1,6,0
0,3551,45,29,27,2,6,0
110,6475,438,938,983,3,6,0
366,4736,414,1196,166,2,6,0
2008,323,33,197,1,0,6,0
165,1048,27,94,17,0,6,0
5473,145,21,85,1,0,6,0
299,1030,369,202,1,13,6,0
0,595,102,219,19,2,6,0
246,30547,445,489,304,16,2,0
190,1688,640,1448,23,1,6,0
30896,315,25,31,4,0,6,0
339,767,124,237,1,1,6,0
1066,622,49,218,7,1,6,0
201,790,69,220,75,0,6,0
6432,4198,319,298,2720,1,6,0
362,263,79,286,11,1,6,0
9905,32448,1330,1609,834,23,6,0
119,549,123,213,2,0,2,0
868,897,17,90,0,0,6,0
650,504,133,270,1,3,6,0
18,112,154,257,0,1,2,0
102,611,87,173,1,1,6,0
6,919,82,371,264,0,6,0
398,1066,239,775,61,0,6,0
801,28,19,253,12,0,2,0
8,468,5,12,1,0,6,0
24,919,15,90,3,0,1,0
423,386,88,205,25,1,6,0
193,728,120,406,16,1,6,0
4085,5109,246,408,469,0,6,0
901,10451,1265,323,38,24,6,0
0,208,25,91,50,0,6,0
5,892,37,660,1,0,6,0
3576,648,95,89,59,3,6,0
40733,926,57,266,139,1,6,0
311,1455,33,85,2,0,6,0
0,174,54,112,5,2,6,0
24,2538,199,188,473,0,2,0
22369,37,20,142,4,0,6,0
0,484,232,431,10,0,2,0
3,34917,1161,194,2,28,2,0
6084,229,22,107,1,0,6,0
0,1805,258,191,4,14,2,0
8,6566,313,646,135,8,6,0
24,1190,88,198,43,0,6,0
440,587,115,243,48,1,6,0
35,682,39,124,12,0,6,0
2649,322,72,200,0,0,6,0
3527,634,430,546,5,3,6,0
32,8021,1082,1225,142,0,6,0
246,741,295,499,130,0,6,0
2189,279,96,1027,4,0,6,0
583,6573,271,280,1143,4,6,0
3622,3597,111,209,1,1,6,0
1211,1138,65,115,2,1,6,0
5288,191,109,932,246,0,6,0
0,1201,103,182,5,0,6,0
54,3152,162,352,23,7,6,0
6371,301,49,84,95,0,6,0
1319,17,22,59,2,0,6,0
606,80,22,69,21,0,6,0
384,1940,136,182,124,2,6,0
27753,1672,627,1089,11,4,6,0
432,14246,932,781,4047,30,6,0
0,9802,349,337,896,2,6,0
3,1539,205,397,36,1,6,0
16970,1205,233,40,29,1,6,0
85667,4418,111,282,146,1,6,0
631,3885,2812,1988,966,45,6,0
177,10,8,42,0,0,6,0
1,2511,66,58,0,0,6,0
62,835,111,768,36,0,6,0
140,3209,1193,1987,12,8,6,0
0,159,27,255,2,0,2,0
55,22534,715,792,141,2,6,0
3115,10947,760,712,693,27,6,0
3669,4775,209,1163,8,2,6,0
948,4212,130,75,153,0,6,0
510,76,30,96,8,0,6,0
90,178,40,248,24,0,6,0
19654,144,58,194,67,0,6,0
3843,112,12,38,111,0,6,0
1874,664,51,38,38,0,6,0
1,16722,751,1953,1740,10,6,0
5,1124,166,1440,91,0,6,0
729,349,51,176,98,0,6,0
68,26,11,93,2,0,6,0
1386,956,23,212,7,0,6,0
0,343,11,24,4,0,6,0
0,16195,5027,5530,6698,73,6,0
223,741,311,904,62,3,6,0
388,211,84,402,15,0,6,0
441,3044,213,623,380,3,6,0
1623,10,16,124,0,0,6,0
732,648,53,236,11,0,6,0
98,1277,190,275,11,2,6,0
33,1533,96,168,46,0,2,0
1305,3847,183,132,2345,0,6,0
647,600,77,436,47,0,6,0
3,1683,323,261,1,3,3,0
1284,1052,171,373,32,1,6,0
38,1583,93,228,73,1,6,0
66,797,526,1449,277,4,6,0
1,62,47,43,0,0,6,0
80,6194,1062,1770,597,5,6,0
5027,6469,437,606,2913,3,6,0
1283,410,30,407,0,0,6,0
23,540,35,89,51,0,6,0
0,32223,4053,956,3025,54,6,0
240,1127,129,509,7,0,6,0
686,5235,406,495,5739,4,6,0
0,4145,3137,142,24,58,6,0
0,168,58,253,2,1,6,0
172,465,24,150,133,0,6,0
415,190,12,41,12,0,6,0
0,10619,11089,565,776,245,6,0
5763,700,36,204,9,0,6,0
2702,5299,1218,554,13,18,6,0
2857,9,67,555,2,1,6,0
1875,297,57,150,0,0,6,0
3322,1876,120,146,112,0,2,0
14240,1848,778,1999,0,3,6,0
1297,9139,1361,142,3906,10,6,0
12702,810,50,209,95,0,2,0
14,140,6,104,1,0,6,0
26,17986,2404,305,9695,35,6,0
0,288,42,148,21,3,6,0
171,5544,260,522,124,1,6,0
2317,1726,92,97,707,0,6,0
445,93,18,186,28,0,6,0
5574,479,180,785,69,0,6,0
0,315,44,138,9,0,2,0
309,1112,87,222,63,0,6,0
35415,51,33,96,1,0,6,0
17,5367,409,1159,27,25,6,0
774,116,22,49,16,0,2,0
465,684,65,281,1,0,6,0
83,55,50,192,1,0,6,0
2929,1396,50,341,5,0,6,0
0,259,65,180,151,0,6,0
0,528,822,170,5,17,6,0
960,579,21,18,2,0,6,0
1709,145,17,72,1,0,7,0
6475,2269,699,454,50,1,6,0
87,5745,641,1221,95,5,6,0
2511,16,31,207,1,0,6,0
228,3839,459,486,252,0,6,0
14763,178,70,176,20,1,6,0
137,1022,227,271,755,1,6,0
6442,2698,136,222,159,0,6,0
3978,4170,1780,1697,483,24,6,0
14378,438,23,106,3,0,6,0
0,249,898,1908,9,1,6,0
9505,3653,84,118,23,0,6,0
0,12834,678,337,1903,12,6,0
0,20370,5470,2385,145,52,6,0
0,5707,281,259,2535,1,6,0
35,2571,228,513,126,2,6,0
15846,19172,4573,831,4845,77,6,0
758,4279,132,892,6,2,6,0
199,1371,32,143,21,0,6,0
983,1706,134,257,0,2,2,0
51,11092,591,723,1318,4,6,0
9205,571,859,280,28,11,6,0
147,80,39,63,5,0,2,0
329,1189,88,87,48,1,6,0
826,787,63,161,43,1,2,0
176,446,111,528,15,0,6,0
10,704,129,380,12,0,2,0
11027,1874,69,57,306,1,6,0
15,3144,93,239,461,1,6,0
1664,22,78,103,9,1,6,0
474,497,56,242,44,0,6,0
0,887,280,502,13,1,6,0
43,266,21,50,32,0,6,0
159,650,95,139,2,0,6,0
1,763,162,266,20,4,6,0
0,1958,142,203,1247,3,6,0
302,2994,44,169,78,1,6,0
921,11114,737,1968,437,2,6,0
4587,649,68,178,60,1,6,0
722,966,69,318,3,0,2,0
7268,1178,173,114,2,16,2,0
5517,238,45,99,39,0,6,0
0,777,87,305,0,2,6,0
2475,16343,1503,1998,2793,38,6,0
18437,3088,221,561,723,0,6,0
222,457,70,92,26,0,6,0
952,573,46,109,9,0,6,0
1437,1350,64,427,767,0,2,0
34,463,56,217,4,0,6,0
1132,4840,290,343,58,2,2,0
3203,6812,163,445,253,2,6,0
602,506,20,22,6,0,6,0
1180,44,32,55,2,2,6,0
16215,1149,45,85,19,0,6,0
0,4140,205,770,10,1,6,0
34,613,46,105,46,0,6,0
4068,6340,298,419,5,15,2,0
18,1086,141,249,1015,3,6,0
31,6212,369,198,103,5,6,0
2542,85,12,28,0,0,6,0
5,6752,177,205,97,0,6,0
8671,2768,5331,285,699,45,6,0
85,326,444,620,1524,1,6,0
1,44,4,12,1,1,6,0
518,262,71,110,5,0,6,0
430,640,77,227,13,1,6,0
1669,2846,289,201,61,9,6,0
90747,325,175,149,2,4,6,0
0,188,204,610,3,0,6,0
8006,576,209,480,235,0,6,0
5624,2053,597,1994,19,4,6,0
530,522,319,793,10,11,2,0
329,32109,1617,1993,6836,4,6,0
2,1780,62,346,274,1,6,0
22402,744,118,204,9,5,2,0
2,3701,501,528,1348,2,6,0
3,559,108,571,263,0,6,0
14877,319,40,53,1,0,6,0
20267,708,93,308,11,0,6,0
15,873,122,427,33,2,6,0
0,1130,88,111,97,4,2,0
15010,764,99,226,22,0,6,0
293,152,3,18,0,0,6,0
17066,6213,245,153,0,11,6,0
8415,106,3,10,0,0,6,0
175,8966,504,570,484,4,6,0
1574,4707,1772,1771,23,8,6,0
12,1006,85,121,19,1,2,0
5758,211,76,171,2,0,2,0
13588,18810,685,688,12,29,2,0
3399,3694,393,1047,6,8,2,0
615,1128,396,1158,8,1,6,0
0,10320,1031,1109,1611,4,6,0
2335,178,48,157,6,0,6,0
321,27096,1057,280,33,13,2,0
329,2161,150,137,266,1,6,0
271,10677,2436,1978,1204,10,6,0
264,574,40,147,66,1,6,0
1025,127,79,381,18,0,6,0
228,292,57,110,5,0,2,0
3410,323,67,319,0,1,6,0
0,31,9,22,1,0,6,0
109,31546,151,301,294,2,6,0
5417,237,50,108,234,0,6,0
67,165,132,50,26,0,6,0
4713,746,61,203,9,0,6,0
26,2074,94,361,216,0,2,0
4409,63,27,270,3,0,6,0
0,18470,444,329,5848,8,6,0
2676,1549,92,469,399,0,6,0
3281,680,73,222,128,0,6,0
12,1781,55,256,911,0,6,0
68072,2065,473,1391,588,0,6,0
1,982,75,290,89,0,6,0
19659,117,53,56,1,2,2,0
69,6175,362,318,181,11,2,0
32,380,19,30,0,0,6,0
63,334,21,368,3,0,6,0
18,1336,152,193,355,0,6,0
2548,3110,128,178,63,2,6,0
904,1167,177,323,12,1,6,0
7,1349,161,546,1609,5,6,0
1,3742,505,571,100,3,6,0
32137,376,86,161,0,1,6,0
936,22,14,27,0,0,6,0
0,106,74,334,0,0,6,0
7,2423,842,38,0,49,2,0
3564,674,79,222,27,0,6,0
1,373,83,211,0,2,6,0
6559,1566,110,295,71,1,2,0
0,2069,188,725,1095,0,6,0
3,2765,2698,261,56,159,2,0
38,74,20,37,0,0,6,0
4597,819,83,189,40,1,6,0
99311,561,423,391,302,2,6,0
22281,53,8,91,37,0,6,0
718,16955,3286,2743,2,87,6,0
11500,1601,298,399,876,5,6,0
1509,1066,188,227,0,2,6,0
0,1583,46,98,3756,2,6,0
0,2146,76,156,39,1,6,0
764,442,79,259,0,3,2,0
21806,250,17,242,0,0,2,0
0,133,32,71,10,0,6,0
22,2317,378,380,100,0,6,0
7,151,10,32,23,0,6,0
53,4444,874,797,1,1,6,0
1269,107,41,237,1,0,6,0
748,7,11,49,0,0,6,0
656,20023,1812,1846,3807,2,6,0
9465,146,47,315,1,0,6,0
1446,1293,299,435,66,2,6,0
141,22,51,177,0,0,6,0
2751,2697,282,525,16,6,6,0
6939,66,2,35,0,0,6,0
279,8890,189,283,176,2,2,0
89,1058,94,257,18,2,6,0
6,512,99,163,25,0,6,0
5191,78,8,72,2,0,6,0
5482,6554,411,560,637,10,6,0
366,585,92,110,4,0,6,0
26199,143,75,86,50,1,6,0
2405,419,150,341,135,0,6,0
1375,4557,423,757,43,2,6,0
15775,108,104,81,31,1,6,0
3,467,95,299,326,1,6,0
0,402,30,58,95,0,6,0
4941,13159,501,697,79,11,6,0
1786,4837,222,338,5,0,6,0
614,532,212,242,0,0,6,0
1340,611,172,362,140,4,6,0
94,154,17,96,1,0,6,0
1542,3329,232,182,261,3,2,0
657,1361,149,463,289,2,6,0
232,1479,13,25,47,0,6,0
16031,49,208,124,14,2,6,0
5247,36911,202,133,268,8,2,0
23,122,62,93,1,1,2,0
452,768,68,143,60,0,6,0
0,26713,1390,1177,914,68,2,0
0,922,174,383,67,0,6,0
52,707,27,59,1,1,6,0
5,882,44,168,30,0,6,0
389,247,314,278,94,1,6,0
7,259,50,76,43,0,6,0
0,1049,50,304,8,0,6,0
27,2036,123,189,2332,1,6,0
404,235,78,152,55,0,6,0
7463,475,17,17,116,0,6,0
163,85,6,80,42,0,6,0
12785,2349,76,377,8,0,6,0
747,137,13,48,4,0,6,0
2345,14835,373,874,451,1,6,0
338,2735,88,70,1681,0,6,0
245,3053,155,285,390,0,6,0
28,942,126,602,71,2,6,0
860,4385,751,1474,784,4,6,0
104,106,230,174,49,0,6,0
6739,10272,333,349,13,5,6,0
197,456,23,55,0,0,6,0
0,2171,189,313,148,0,6,0
133,3284,375,1039,1,8,2,0
6245,431,29,195,12,0,2,0
0,12046,208,267,1356,0,6,0
1632,1063,88,228,35,1,2,0
5868,360,14,38,4,0,6,0
7985,2818,101,229,557,0,6,0
16,96,23,60,1,0,6,0
1081,1073,87,117,292,1,6,0
197,419,21,116,22,0,6,0
16994,1173,670,1340,63,1,6,0
1310,1346,174,69,3,10,6,0
0,8173,231,433,413,3,6,0
1886,433,39,72,2,2,6,0
1289,958,277,403,10,1,6,0
102,444,108,497,4,0,6,0
2559,2782,66,358,37,0,6,0
0,446,84,418,4,1,6,0
3787,1074,31,89,58,0,6,0
392,4,0,4,3,0,6,0
1514,2460,358,1504,10,3,6,0
2082,6652,383,1828,235,1,6,0
3307,2226,308,816,18,1,6,0
7,436,41,232,22,2,6,0
281,4235,111,163,47,2,6,0
89,18528,852,1409,88,9,6,0
43,393,53,356,31,0,6,0
0,9950,658,701,18,11,6,0
3955,1181,80,279,0,1,6,0
16292,20686,1859,1856,1697,1,6,0
7570,134,34,97,21,0,6,0
7763,16961,358,265,2626,1,6,0
4,5237,245,241,115,4,2,0
0,1552,144,302,1227,0,6,0
29,4904,734,808,29,0,6,0
590,6662,141,222,134,1,6,0
3662,1187,44,136,19,1,6,0
11808,2130,124,643,43,0,6,0
17518,17158,895,1012,157,11,6,0
0,572,133,209,37,0,6,0
109,360,190,620,12,0,6,0
224,1049,67,162,18,2,6,0
1,521,170,455,2,0,6,0
0,15324,301,2001,15749,1,6,0
179,145,37,206,50,0,6,0
552,2242,552,1446,13,8,2,0
966,439,49,91,64,0,6,0
255,59,13,59,0,0,6,0
691,241,35,130,5,0,6,0
17798,740,64,318,6,4,6,0
37318,2016,62,64,13,0,6,0
2185,13035,799,728,7127,5,6,0
21441,298,37,96,714,1,6,0
111,9971,1271,619,10146,15,6,0
1955,462,92,627,128,0,6,0
12448,646,137,390,13,1,6,0
155,1200,4878,5335,2899,13,6,0
2649,333,21,45,72,0,3,0
1143,429,21,118,8,0,6,0
1884,110,56,245,0,0,6,0
1866,1693,52,154,34,0,6,0
26007,6634,326,423,136,1,6,0
5248,1634,38,101,34,0,6,0
0,288,11,68,9,0,6,0
3,351,28,76,3,1,6,0
0,899,77,344,0,0,6,0
0,660,126,407,0,0,2,0
24,83,34,133,5,0,6,0
124,629,105,357,5,0,6,0
13642,39107,2925,2744,9395,20,6,0
0,140,198,171,12,3,6,0
1,1828,129,340,15,0,6,0
432,2370,114,226,388,1,6,0
598,992,199,297,81,1,6,0
0,117,20,92,2,0,6,0
0,3693,172,370,105,0,6,0
3191,30010,478,261,659,13,2,0
160,770,81,181,89,2,6,0
453,1579,256,457,2046,1,6,0
49,823,43,109,5,1,6,0
2022,371,48,153,0,1,6,0
1041,35,12,67,2,0,6,0
7215,101,139,962,41,0,6,0
293,1359,1084,410,11,19,6,0
2,206,42,105,35,0,6,0
22197,4,33,523,0,0,6,0
61,1012,92,220,12,1,6,0
1013,162,76,179,58,0,6,0
14085,1132,131,193,4,1,6,0
492,281,64,157,25,2,6,0
580,220,26,58,9,0,6,0
16070,438,35,316,2,0,6,0
725,5999,258,770,14,2,6,0
4999,331,1306,1281,46,4,6,0
0,1549,354,214,1,3,6,0
12200,812,113,578,8,0,6,0
4809,2775,211,388,178,7,6,0
1,986,43,101,13,1,6,0
208,473,3951,4120,500,12,6,0
5,9437,689,891,199,37,6,0
5122,552,80,290,11,1,6,0
913,565,35,139,2,0,6,0
281,1028,44,81,19,3,6,0
591,849,90,135,2,0,6,0
368,271,21,63,8,1,6,0
489,1923,1798,1876,37,5,6,0
29,895,129,396,222,0,6,0
58,367,40,202,0,0,6,0
0,29,6,48,0,0,6,0
3908,998,328,1435,58,0,6,0
4558,8713,563,774,6688,11,6,0
375,10378,286,538,321,3,6,0
547,1823,118,275,42,5,6,0
0,147,21,90,0,0,6,0
37731,59,21,19,13,0,6,0
770,4112,1113,1304,5155,2,6,0
2536,977,70,202,138,1,6,0
0,83,58,207,20,0,6,0
314,49,166,417,6,3,2,0
23,567,77,171,6,0,6,0
1762,16935,2242,918,44,124,2,0
15,1387,55,129,56,1,6,0
3293,2388,122,342,83,1,6,0
0,3061,86,95,6,0,6,0
2442,228,23,85,258,0,6,0
937,3103,119,280,89,0,6,0
3674,185,101,133,22,1,6,0
9836,148,71,165,1,0,6,0
1130,25661,1245,1242,12720,23,6,0
94,360,81,182,78,0,6,0
2643,922,87,302,26,1,6,0
125,6631,292,611,66,3,6,0
0,7534,1132,1096,6,52,2,0
0,2941,1230,1428,40,54,6,0
24,2481,165,175,762,8,6,0
2599,831,75,217,519,0,6,0
748,350,86,131,116,3,2,0
12470,996,67,81,45,1,6,0
18437,606,79,364,12,1,6,0
12,1080,79,360,10,0,6,0
902,621,54,109,94,0,6,0
542,5035,153,221,55,4,6,0
6,19775,1781,1275,3785,10,6,0
644,986,77,306,393,0,6,0
8671,635,28,77,46,0,6,0
0,45,15,84,0,0,6,0
81298,2179,481,745,287,3,6,0
2357,292,90,176,62,1,6,0
4,36,17,49,0,0,6,0
1363,8694,349,507,15,1,6,0
315,25575,1672,802,2329,52,6,0
39,136,42,210,127,0,6,0
0,1587,312,1200,2,1,6,0
50,199,32,29,2,1,6,0
1725,48,12,66,1,0,6,0
7114,197,45,89,18,16,6,0
2559,2488,98,148,145,2,6,0
778,537,117,552,4,1,2,0
0,35,5,87,5,0,6,0
93,1148,141,599,20,2,6,0
469,109,60,168,12,0,6,0
38242,296,41,105,5,0,6,0
800,2035,209,168,216,2,2,0
0,2642,207,868,39,4,6,0
6182,511,82,228,91,2,6,0
41,877,99,715,15,0,6,0
104,3551,87,174,7,2,2,0
186,9372,179,723,87,0,6,0
675,363,35,236,11,0,6,0
9797,23,6,30,4,0,6,0
160,4712,469,1988,98,5,2,0
11344,5385,308,310,97,6,1,0
0,1223,70,161,0,0,6,0
1825,10962,23368,958,590,715,2,0
2354,166,100,138,1,0,6,0
1742,2236,133,272,953,0,6,0
625,665,76,274,907,1,6,0
55,2541,143,276,231,3,6,0
3048,67,15,76,0,0,6,0
47,9,6,33,0,0,6,0
155,1291,310,341,15,0,2,0
2962,24,2,50,0,0,6,0
45005,69,37,66,31,0,6,0
670,657,55,90,1,1,6,0
261,3907,315,460,31,5,6,0
24702,2227,158,628,331,0,6,0
394,380,65,186,1,0,6,0
1196,6351,98,75,127,4,6,0
13185,642,68,122,190,0,6,0
100,2417,111,21,0,0,6,0
6849,34,24,63,4,0,6,0
171,6514,1289,885,443,14,6,0
0,6151,104,190,28,2,6,0
1,3177,94,242,7,1,6,0
85,1075,75,160,163,0,6,0
431,186,111,198,0,0,6,0
2378,320,29,31,0,0,6,0
1356,9147,100,162,369,4,6,0
16725,1535,56,158,96,1,6,0
0,1065,18,34,198,0,6,0
2944,109,274,253,2,13,6,0
1,41,42,79,1,0,6,0
0,1325,107,98,263,0,6,0
694,1447,252,667,2,2,6,0
52335,118,15,71,1,0,6,0
927,389,164,522,169,0,6,0
53,2391,332,351,27,0,6,0
53563,13774,254,192,520,5,6,0
0,23682,419,722,17995,4,6,0
17010,19,7,31,42,0,6,0
2974,34098,13890,12773,85,486,2,0
189,210,27,64,0,0,6,0
0,4067,777,1995,347,22,2,0
209,3139,237,487,32,7,6,0
179,26,8,23,1,0,6,0
0,2630,44,133,16,1,6,0
1016,1073,89,237,53,1,6,0
7254,2711,160,292,1128,0,6,0
63,33,20,95,0,0,6,0
3508,409,24,65,167,0,6,0
1773,364,74,182,4,1,6,0
1421,1166,354,279,40,2,6,0
1122,1585,963,561,1823,0,6,0
128,98,22,119,2,0,6,0
24,47918,3074,1686,434,42,6,0
4,343,76,171,290,0,6,0
359,254,33,173,53,0,6,0
2035,21069,2221,1636,944,26,6,0
3847,1121,120,155,6,0,6,0
68,3131,506,381,9,40,2,0
3,1781,105,427,234,0,2,0
2628,1613,836,1996,10,22,6,0
449,12197,415,382,116,21,2,0
299,27,152,128,0,0,6,0
1159,121,175,1187,16,0,6,0
72,19396,915,638,234,11,6,0
0,4759,151,237,4,2,6,0
15192,440,58,256,1,1,6,0
51,794,105,480,0,1,6,0
1182,6897,766,776,4131,3,6,0
3328,764,120,269,94,2,6,0
454,16,9,40,0,0,6,0
8667,967,78,142,130,0,6,0
7363,84,9,93,0,0,6,0
16,639,136,471,12,1,6,0
11,231,102,203,1,1,6,0
3864,7,4,29,0,0,6,0
2859,4900,171,371,272,0,6,0
488,2659,1470,162,69,6,6,0
0,399,21,80,1,0,6,0
12305,862,237,237,41,4,6,0
3319,243,117,106,26,0,6,0
24653,171,50,266,100,0,6,0
2759,392,54,72,3,1,6,0
165,17,0,35,0,0,6,0
4478,294,179,284,5,0,6,0
164,14170,1402,1042,2863,33,6,0
0,18427,797,925,2431,10,6,0
305,3411,112,121,628,0,6,0
327,1029,207,414,0,3,6,0
201,18,26,99,0,0,6,0
242,842,77,200,3,0,6,0
8267,726,237,816,144,1,6,0
21,789,32,68,58,0,6,0
44199,1127,93,172,42,1,6,0
2212,2177,88,281,437,1,6,0
169,1464,269,992,769,0,6,0
0,2692,591,899,43,5,6,0
21,1568,705,1249,489,1,6,0
4374,335,33,134,50,0,6,0
9,4625,121,256,129,1,3,0
227,518,148,488,17,0,6,0
0,350,46,115,240,1,6,0
0,97,58,322,70,0,6,0
2865,1019,143,213,160,0,6,0
1,24,4,588,16,0,2,1
898,656,57,693,597,0,2,1
4507,1234,15,104,1150,0,2,1
0,573,14,227,530,0,2,1
2321,675,18,519,653,0,2,1
5033,1333,73,1998,1262,1,2,1
14,99,26,1548,80,0,3,1
203,553,63,1930,497,0,2,1
13,1576,8,501,1402,1,2,1
136443,1378,48,1998,1108,0,2,1
69395,1444,35,390,1283,0,2,1
1316,1351,7,328,1273,1,2,1
1320,43,17,641,0,0,2,1
24,50,20,630,0,0,2,1
1170,68,22,602,0,0,2,1
30,60,14,592,0,0,2,1
23,52,27,620,0,0,2,1
1044,67,32,639,0,0,2,1
0,44,21,614,0,0,2,1
79060,66,23,650,0,0,2,1
3939,56,20,643,0,0,2,1
337,65,23,641,0,0,2,1
56,79,20,779,0,0,2,1
11,59,16,622,0,0,2,1
417,64,15,649,0,0,2,1
0,81,29,756,0,0,2,1
1507,62,25,600,0,0,2,1
11988,70,22,621,0,0,2,1
1114,52,19,735,0,0,2,1
8960,69,25,625,0,0,2,1
36,57,20,621,0,0,2,1
20450,45,12,638,0,0,2,1
440,57,16,631,0,0,2,1
17,66,29,623,0,0,2,1
113,56,19,686,0,0,2,1
240,59,24,619,0,0,2,1
43,58,23,603,0,0,2,1
6545,57,27,602,0,0,2,1
1033,55,21,614,0,0,2,1
0,59,16,599,0,0,2,1
0,63,20,663,0,0,2,1
296,62,24,598,0,0,2,1
299,54,16,637,0,0,2,1
461,56,17,684,0,0,2,1
23,42,21,609,0,0,2,1
7149,78,28,732,0,0,2,1
578,62,16,630,0,0,2,1
4204,59,17,654,0,0,2,1
3777,54,18,638,0,0,2,1
3253,63,27,652,0,0,2,1
1802,48,23,599,0,0,2,1
0,69,20,652,0,0,2,1
0,61,22,609,0,0,2,1
3859,81,23,807,0,0,2,1
141,64,24,638,0,0,2,1
58,63,26,593,0,0,2,1
153,62,22,671,0,0,2,1
465,57,29,673,0,0,2,1
1729,63,20,630,0,0,2,1
9007,66,20,722,0,0,2,1
1957,61,17,610,0,0,2,1
858,70,24,655,0,0,2,1
4089,60,12,572,0,0,2,1
765,70,27,669,0,0,2,1
0,65,20,610,0,0,2,1
1567,62,42,651,0,0,2,1
74,83,27,801,0,0,2,1
0,54,31,599,0,0,2,1
4446,158,30,1221,0,0,2,1
0,53,22,589,0,0,2,1
31,66,30,748,0,0,2,1
106,61,23,721,0,0,2,1
532,56,27,585,0,0,2,1
2,67,21,639,0,0,2,1
702,53,26,504,0,0,2,1
22,81,26,703,0,0,2,1
1,66,11,615,0,0,2,1
5,56,23,641,0,0,2,1
0,66,22,581,0,0,2,1
72,56,19,681,1,0,2,1
19907,64,19,594,0,0,2,1
5170,58,35,665,0,0,2,1
1538,72,25,564,0,0,2,1
640,77,21,581,0,0,2,1
1,60,19,606,0,0,2,1
790,60,28,579,0,0,2,1
12849,65,27,617,0,0,2,1
2304,66,25,731,0,0,2,1
2,69,24,645,0,0,2,1
509,63,32,603,0,0,2,1
1591,59,13,542,0,0,2,1
3466,57,13,568,0,0,2,1
2969,75,22,578,0,0,2,1
70,61,18,624,0,0,2,1
220,72,34,685,0,0,2,1
3504,56,19,599,0,0,2,1
0,45,26,596,0,0,2,1
1,54,26,629,0,0,2,1
30,52,18,608,0,0,2,1
5204,53,11,586,0,0,2,1
2458,63,31,507,0,0,2,1
0,54,24,672,0,0,2,1
240,54,17,558,0,0,2,1
4218,65,25,742,0,0,2,1
3,46,16,591,0,0,2,1
520,48,28,582,0,0,2,1
1576,58,15,616,0,0,2,1
113,61,23,635,0,0,2,1
439,60,18,625,0,0,2,1
104,61,16,688,0,0,2,1
140,80,23,589,0,0,2,1
766,56,21,550,0,0,2,1
10840,70,26,709,1,0,2,1
182,71,20,528,0,0,2,1
1665,58,19,583,0,0,2,1
950,107,33,1002,0,0,2,1
445,68,30,560,0,0,2,1
8510,54,24,592,0,0,2,1
101,37,23,559,0,0,2,1
1951,53,22,622,0,0,2,1
62,67,24,678,0,0,2,1
0,46,24,589,0,0,2,1
4442,60,27,566,0,0,2,1
362,58,26,559,0,0,2,1
2752,48,20,590,0,0,2,1
0,65,23,590,0,0,2,1
97,56,22,541,0,0,2,1
1196,55,27,617,0,0,2,1
0,75,21,592,0,0,2,1
18,50,23,556,0,0,2,1
14290,51,12,503,0,0,2,1
10325,45,22,509,0,0,2,1
0,45,27,702,0,0,2,1
4320,78,25,752,0,0,2,1
5,55,34,574,0,0,2,1
23,39,24,526,0,0,2,1
1554,65,26,550,0,0,2,1
665,44,20,562,0,0,2,1
0,60,23,577,0,0,2,1
4763,55,28,611,0,0,2,1
1956,65,25,639,0,0,2,1
6313,47,16,552,0,0,2,1
40,67,23,684,0,0,2,1
267,69,27,698,0,0,2,1
20518,59,20,618,0,0,2,1
6,41,15,558,0,0,2,1
482,56,20,734,0,0,2,1
3410,44,22,572,0,0,2,1
65,72,21,721,0,0,2,1
434,52,25,527,0,0,2,1
1403,59,24,656,0,0,2,1
61063,70,22,639,0,0,2,1
13261,57,27,565,0,0,2,1
12,55,22,511,0,0,2,1
47952,57,21,579,0,0,2,1
24,51,25,623,0,0,2,1
4106,65,23,640,0,0,2,1
194,56,26,496,0,0,2,1
14639,63,21,654,0,0,2,1
140,47,17,609,0,0,2,1
0,60,25,561,0,0,2,1
12999,68,18,606,0,0,2,1
315,64,24,721,0,0,2,1
36,69,26,587,0,0,2,1
670,61,27,782,0,0,2,1
144,96,38,827,0,0,2,1
18698,50,19,506,0,0,2,1
0,67,27,703,0,0,2,1
15831,67,19,624,0,0,2,1
13,56,26,611,0,0,2,1
1263,54,18,551,0,0,2,1
20,46,22,575,0,0,2,1
985,46,15,542,0,0,2,1
1517,66,27,653,0,0,2,1
267,38,16,515,0,0,2,1
5,42,12,535,0,0,2,1
0,64,25,626,0,0,2,1
31,66,22,637,0,0,2,1
9409,69,24,712,0,0,2,1
0,55,15,543,0,0,2,1
668,56,27,511,0,0,2,1
347,54,23,470,0,0,2,1
63,57,20,636,0,0,2,1
3687,59,24,582,0,0,2,1
0,62,20,537,0,0,2,1
4382,59,15,563,0,0,2,1
1130,52,23,548,0,0,2,1
576,44,7,442,0,0,2,1
29325,52,18,519,0,0,2,1
7617,62,17,610,0,0,2,1
10812,55,19,527,0,0,2,1
15676,69,20,600,0,0,2,1
2442,71,16,672,0,0,2,1
8,48,23,543,0,0,2,1
2,48,22,500,0,0,2,1
7609,53,18,524,0,0,2,1
484,57,19,593,0,0,2,1
162,47,18,515,0,0,2,1
0,67,30,579,0,0,2,1
353,67,24,736,0,0,2,1
428,47,27,534,0,0,2,1
4632,39,21,523,0,0,2,1
0,60,21,555,0,0,2,1
420,52,21,527,0,0,2,1
3111,51,24,544,0,0,2,1
682,53,17,452,0,0,2,1
3411,65,17,607,0,0,2,1
137,43,21,535,0,0,2,1
0,48,22,568,0,0,2,1
18,43,17,523,0,0,2,1
4424,61,20,537,0,0,2,1
1407,53,20,518,0,0,2,1
8387,46,16,529,0,0,2,1
23428,42,21,534,0,0,2,1
567,45,25,513,0,0,2,1
3503,52,15,543,0,0,2,1
17,63,20,572,0,0,2,1
8,51,25,508,0,0,2,1
12534,52,28,540,0,0,2,1
1,56,25,527,0,0,2,1
911,53,19,566,0,0,2,1
27339,64,19,556,0,0,2,1
860,40,22,527,0,0,2,1
16,58,20,524,0,0,2,1
49,48,27,536,0,0,2,1
20,57,18,513,0,0,2,1
1422,45,23,529,0,0,2,1
22,56,11,554,0,0,2,1
420,39,15,546,0,0,2,1
0,53,22,544,0,0,2,1
8929,63,22,575,0,0,2,1
1299,52,19,495,0,0,2,1
22,40,20,548,0,0,2,1
1490,39,22,595,0,0,2,1
5,57,22,623,0,0,2,1
39882,60,15,540,0,0,2,1
134,47,23,520,0,0,2,1
2144,61,37,726,0,0,2,1
758,57,23,528,0,0,2,1
244,56,24,507,0,0,2,1
1073,42,15,512,0,0,2,1
566,51,22,547,0,0,2,1
28714,47,18,503,0,0,2,1
0,40,22,468,0,0,2,1
0,61,17,520,3,0,2,1
3069,64,23,603,0,0,2,1
140,58,24,706,0,0,2,1
9,54,23,512,0,0,2,1
5193,41,18,538,0,0,2,1
2027,54,13,504,0,0,2,1
1448,46,17,506,0,0,2,1
1314,49,16,559,0,0,2,1
139256,52,31,583,0,0,2,1
46,44,21,557,0,0,2,1
10808,58,26,648,0,0,2,1
15550,62,23,549,0,0,2,1
393,45,20,515,0,0,2,1
12,51,20,518,0,0,2,1
7986,58,21,551,0,0,2,1
18136,44,26,501,0,0,2,1
12010,55,15,498,0,0,2,1
621,40,20,511,0,0,2,1
3888,44,25,593,0,0,2,1
6605,49,28,506,0,0,2,1
2195,51,18,535,0,0,2,1
1021,67,27,616,0,0,2,1
415,44,19,547,0,0,2,1
252,42,26,532,0,0,2,1
4711,52,15,565,0,0,2,1
1213,55,25,526,0,0,2,1
726,43,33,651,0,0,2,1
347,52,18,508,0,0,2,1
414,62,16,561,0,0,2,1
410,37,16,445,0,0,2,1
8757,50,13,547,0,0,2,1
42,46,35,519,0,0,2,1
532,44,19,404,0,0,2,1
49,56,24,483,0,0,2,1
15,48,19,427,0,0,2,1
35015,39,14,432,0,0,2,1
0,44,31,628,0,0,2,1
234,69,18,627,0,0,2,1
12541,60,28,625,0,0,2,1
16442,49,22,581,0,0,2,1
170,65,19,617,0,0,2,1
729,67,15,593,0,0,2,1
49,0,0,0,0,0,2,1
17425,59,28,615,0,0,2,1
5521,64,22,624,0,0,2,1
9411,54,27,773,0,0,2,1
3483,65,26,619,0,0,2,1
822,63,21,782,0,0,2,1
34314,65,17,650,0,0,2,1
577,65,23,838,0,0,2,1
938,52,16,573,0,0,2,1
938,71,23,666,0,0,2,1
526,70,23,603,0,0,2,1
3379,60,23,738,0,0,2,1
3485,62,20,730,0,0,2,1
11,58,20,593,0,0,2,1
4507,64,15,601,0,0,2,1
9285,56,18,614,0,0,2,1
1407,114,26,1098,0,0,2,1
36,83,21,713,0,0,2,1
1,83,19,699,0,0,2,1
340,62,29,651,0,0,2,1
193,69,15,668,0,0,2,1
0,72,18,658,0,0,2,1
210,69,22,617,0,0,2,1
11,153,31,1152,0,0,2,1
7740,51,22,672,0,0,2,1
5049,43,15,573,0,0,2,1
53,58,26,639,0,0,2,1
39756,64,23,621,0,0,2,1
20747,51,23,584,0,0,2,1
21,115,27,962,0,0,2,1
124,64,28,708,0,0,2,1
724,94,32,1015,0,0,2,1
1242,68,19,641,0,0,2,1
28601,89,20,850,0,0,2,1
58,55,26,626,0,0,2,1
1539,70,21,843,0,0,2,1
85379,55,13,740,0,0,2,1
33,73,18,619,0,0,2,1
1074,50,17,587,0,0,2,1
0,75,28,687,0,0,2,1
4754,58,22,585,0,0,2,1
15758,56,18,656,0,0,2,1
1708,70,28,771,0,0,2,1
11,67,18,636,0,0,2,1
280,73,27,718,0,0,2,1
336,74,19,736,0,0,2,1
96,60,24,549,0,0,2,1
114,63,20,715,1,0,2,1
166,64,26,585,0,0,2,1
392,52,16,699,0,0,2,1
39,64,16,602,0,0,2,1
2164,47,25,575,0,0,2,1
0,69,13,526,0,0,2,1
729,65,19,808,0,0,2,1
6384,76,15,651,0,0,2,1
2119,50,17,519,0,0,2,1
4019,54,22,595,0,0,2,1
5494,68,20,664,0,0,2,1
0,51,14,530,0,0,2,1
36211,50,22,530,0,0,2,1
1769,53,24,646,0,0,2,1
3503,56,23,565,0,0,2,1
968,65,30,734,0,0,2,1
1937,52,24,579,0,0,2,1
73095,80,33,852,0,0,2,1
280,53,27,625,0,0,2,1
960,60,25,652,0,0,2,1
0,60,20,564,0,0,2,1
4,48,28,771,0,0,2,1
216,68,15,521,0,0,2,1
7011,78,20,647,0,0,2,1
289,58,23,549,0,0,2,1
3335,49,24,538,0,0,2,1
541,62,22,517,0,0,2,1
3,55,19,551,0,0,2,1
2929,59,19,594,0,0,2,1
598,60,21,552,0,0,2,1
129,44,29,481,0,0,2,1
13705,54,25,524,0,0,2,1
238,56,21,507,0,0,2,1
280,72,20,702,0,0,2,1
251,64,27,557,0,0,2,1
0,57,21,577,0,0,2,1
490,51,18,548,0,0,2,1
1886,59,17,566,0,0,2,1
90,61,22,560,0,0,2,1
6,41,26,588,0,0,2,1
3965,57,22,518,0,0,2,1
7079,36,20,565,0,0,2,1
349,40,23,582,0,0,2,1
44116,36,17,547,0,0,2,1
5881,77,29,753,0,0,2,1
3095,64,17,624,0,0,2,1
7,41,19,665,0,0,2,1
529,48,29,517,0,0,2,1
4538,49,19,507,0,0,2,1
1,41,16,531,0,0,2,1
2002,66,23,583,0,0,2,1
0,58,19,499,0,0,2,1
214,51,25,552,0,0,2,1
16,56,24,584,0,0,2,1
9,62,14,562,0,0,2,1
180,53,15,578,0,0,2,1
1989,50,25,489,0,0,2,1
190591,48,18,500,0,0,2,1
7271,39,16,451,0,0,2,1
5959,63,28,634,0,0,2,1
17292,58,20,607,1,0,2,1
9192,52,16,493,0,0,2,1
156,62,22,505,0,0,2,1
63,58,15,475,0,0,2,1
3203,61,25,619,0,0,2,1
422,46,20,534,0,0,2,1
0,48,22,541,0,1,2,1
1,55,20,566,0,0,2,1
19211,48,21,549,0,0,2,1
18,50,15,508,0,0,2,1
433,46,20,502,0,0,2,1
76,40,18,525,0,0,2,1
1469,47,32,522,0,0,2,1
2999,57,16,519,0,0,2,1
75,48,10,408,0,0,2,1
170,75,34,749,0,0,2,1
21,60,15,559,0,0,2,1
6336,55,23,548,0,0,2,1
0,39,25,511,0,0,2,1
0,59,23,543,0,0,2,1
3469,43,23,492,0,0,2,1
7,58,23,585,0,0,2,1
4143,44,26,595,0,0,2,1
29,49,22,478,0,0,2,1
229,40,17,446,0,0,2,1
1006,42,19,473,0,0,2,1
2143,57,24,490,0,0,2,1
4501,41,24,462,0,0,2,1
1620,49,18,501,0,0,2,1
51837,45,21,491,0,0,2,1
4971,59,26,630,0,0,2,1
4217,42,19,434,0,0,2,1
2,26,20,461,0,0,2,1
4251,44,16,485,0,0,2,1
9565,59,25,644,0,0,2,1
150,41,16,451,0,0,2,1
18069,40,24,404,0,0,2,1
1533,42,20,474,0,0,2,1
3691,31,22,393,0,0,2,1
490,53,20,460,0,0,2,1
422,40,20,498,0,0,2,1
467,47,13,483,0,0,2,1
38,45,16,438,0,0,2,1
2886,51,19,511,0,0,2,1
3048,49,21,527,0,0,2,1
2327,54,22,517,0,0,2,1
18,44,16,355,0,0,2,1
722,35,20,412,0,0,2,1
497,54,18,456,0,0,2,1
1976,41,9,440,0,0,2,1
130,38,26,464,0,0,2,1
463,39,24,390,0,0,2,1
796,25,12,394,0,0,2,1
500,35,18,421,0,0,2,1
147,48,13,403,0,0,2,1
12931,38,24,404,0,0,2,1
7335,39,19,377,0,0,2,1
7759,46,17,397,0,0,2,1
1850,45,21,399,0,0,2,1
2494,33,21,414,0,0,2,1
0,41,23,431,0,0,2,1
1,39,15,395,0,0,2,1
0,52,26,398,0,0,2,1
2,35,13,379,0,0,2,1
2341,45,21,484,0,0,2,1
1,39,14,529,0,0,2,1
7,28,21,464,0,0,2,1
20551,34,10,415,0,0,2,1
1924,47,19,384,0,0,2,1
15662,43,27,400,0,0,2,1
0,42,19,401,0,0,2,1
385,34,13,429,0,0,2,1
439,32,13,374,0,0,2,1
262,37,22,363,0,0,2,1
713,44,25,400,0,0,2,1
2843,38,10,405,0,0,2,1
3325,31,20,397,0,0,2,1
1634,54,18,400,0,0,2,1
5240,29,18,373,0,0,2,1
526,28,18,390,0,0,2,1
2406,35,11,394,0,0,2,1
6070,39,18,382,0,0,2,1
0,42,21,418,0,0,2,1
1,29,12,365,0,0,2,1
3915,36,19,394,0,0,2,1
0,41,24,431,0,0,2,1
34710,46,15,399,0,0,2,1
729,30,15,381,0,0,2,1
586,40,23,389,0,0,2,1
1291,37,15,384,0,0,2,1
0,42,10,388,0,0,2,1
731,37,19,411,0,0,2,1
565,27,20,359,0,0,2,1
0,36,18,353,0,0,2,1
263,41,19,354,0,0,2,1
5374,44,16,402,0,0,2,1
2367,38,15,344,0,0,2,1
27767,33,23,408,0,0,2,1
12838,38,20,365,0,0,2,1
15,31,25,360,0,0,2,1
1,30,20,358,0,0,2,1
3981,49,12,366,0,0,2,1
11918,38,18,364,0,0,2,1
68,149,43,936,0,0,2,1
1419,47,21,365,0,0,2,1
333,34,20,406,0,0,2,1
7,40,18,386,0,0,2,1
12927,43,14,404,0,0,2,1
608,37,13,404,0,0,2,1
56051,33,18,390,0,0,2,1
0,44,14,398,0,0,2,1
18,33,15,340,1,0,2,1
103,40,18,452,0,0,2,1
3354,27,21,365,0,0,2,1
1069,44,16,385,0,0,2,1
2,36,18,373,0,0,2,1
16865,38,25,379,0,0,2,1
240,39,28,407,0,0,2,1
9522,30,20,407,0,0,2,1
144,30,16,385,0,0,2,1
0,51,16,375,0,0,2,1
6253,38,13,391,0,0,2,1
63,35,17,360,0,0,2,1
39806,111,32,954,0,0,2,1
53,51,23,351,0,0,2,1
6,40,23,407,0,0,2,1
865,38,18,381,0,0,2,1
15,28,12,402,0,0,2,1
1065,50,12,393,0,0,2,1
1210,39,14,379,0,0,2,1
4,37,21,337,0,0,2,1
995,37,21,424,0,0,2,1
14663,36,19,384,0,0,2,1
0,37,21,360,0,0,2,1
2111,34,16,380,0,0,2,1
1309,36,16,346,0,0,2,1
300,46,15,422,0,0,2,1
256,33,22,432,0,0,2,1
7781,14,18,315,0,0,2,1
518,38,24,395,0,0,2,1
0,40,18,358,0,0,2,1
5443,31,16,329,0,0,2,1
42631,61,29,476,0,0,2,1
1437,42,19,368,0,0,2,1
7590,33,25,342,0,0,2,1
1660,25,20,388,0,0,2,1
49,37,24,373,0,0,2,1
307,23,10,339,0,0,2,1
2,30,17,355,0,0,2,1
901,35,21,349,0,0,2,1
24592,40,18,365,0,0,2,1
220,47,13,366,0,0,2,1
66,42,20,349,0,0,2,1
193,34,20,370,0,0,2,1
1232,29,15,336,0,0,2,1
0,36,18,338,0,0,2,1
707,39,23,373,0,0,2,1
5794,25,17,377,0,0,2,1
824,35,17,333,0,0,2,1
0,42,20,337,0,0,2,1
1852,35,19,326,0,0,2,1
753,42,20,407,0,0,2,1
2,39,20,366,0,0,2,1
1245,48,23,389,0,0,2,1
3010,31,14,351,0,0,2,1
0,50,14,365,0,0,2,1
3697,37,19,337,0,0,2,1
581,46,8,398,0,0,2,1
23,42,18,381,0,0,2,1
1466,30,14,300,0,0,2,1
0,37,20,383,0,0,2,1
43,42,11,362,0,0,2,1
80725,33,14,365,0,0,2,1
173,27,18,371,0,0,2,1
394,34,16,349,0,0,2,1
17704,26,16,369,0,0,2,1
18236,33,16,330,0,0,2,1
5781,41,15,369,0,0,2,1
1758,23,18,357,0,0,2,1
30,41,10,361,0,0,2,1
21,30,24,406,0,0,2,1
4535,50,18,333,0,0,2,1
248,30,12,322,0,0,2,1
8398,37,16,345,0,0,2,1
8,39,18,334,0,0,2,1
1183,41,11,370,0,0,2,1
548,32,18,390,0,0,2,1
28,39,18,394,0,0,2,1
13879,27,23,349,0,0,2,1
15,54,23,459,0,0,2,1
7175,39,19,336,0,0,2,1
681,34,25,361,0,0,2,1
54,33,20,321,0,0,2,1
35,32,17,310,0,0,2,1
43,62,13,515,0,0,2,1
2217,39,17,341,0,0,2,1
34,47,17,345,0,0,2,1
10,32,23,353,0,0,2,1
12,28,18,350,0,0,2,1
7,31,22,285,0,0,2,1
5745,38,16,384,0,0,2,1
85,39,11,317,0,0,2,1
12705,41,25,367,0,0,2,1
60,71,25,503,0,0,2,1
143,28,15,394,0,0,2,1
52622,63,26,532,0,0,2,1
240,36,22,346,0,0,2,1
7,35,22,340,0,0,2,1
27,50,22,453,0,0,2,1
8671,60,24,521,0,0,2,1
244,56,27,490,0,0,2,1
96,39,23,359,0,0,2,1
10592,29,19,340,0,0,2,1
0,35,22,372,0,0,2,1
518,40,13,385,0,0,2,1
18903,36,15,320,0,0,2,1
115,17,15,312,0,0,2,1
46,37,13,310,0,0,2,1
721,29,18,318,0,0,2,1
24,23,22,357,0,0,2,1
10772,48,20,330,0,0,2,1
0,39,26,360,0,0,2,1
12,42,19,330,0,0,2,1
1967,25,15,364,0,0,2,1
2892,34,12,346,0,0,2,1
19705,38,21,338,0,0,2,1
34278,61,28,530,0,0,2,1
2352,32,17,315,0,0,2,1
4637,39,18,305,0,0,2,1
583,56,20,539,0,0,2,1
0,60,22,528,0,0,2,1
14358,46,14,336,0,0,2,1
81,28,9,338,0,0,2,1
163,39,14,370,0,0,2,1
3699,28,14,321,0,0,2,1
706,36,22,314,0,0,2,1
14359,29,13,312,0,0,2,1
126,50,25,443,0,0,2,1
131,28,16,327,0,0,2,1
8,60,23,501,0,0,2,1
127,33,12,320,0,0,2,1
126805,51,18,403,0,0,2,1
5185,50,15,372,0,0,2,1
113,62,25,519,0,0,2,1
1719,50,23,539,0,0,2,1
10246,32,23,344,0,0,2,1
2550,33,20,348,0,0,2,1
58,38,14,315,0,0,2,1
522,57,27,520,0,0,2,1
293,29,8,344,0,0,2,1
1598,28,19,353,0,0,2,1
43,24,12,327,0,0,2,1
195,30,17,318,0,0,2,1
0,42,12,356,0,0,2,1
149,45,20,370,0,0,2,1
322,31,23,350,0,0,2,1
8,37,19,388,0,0,2,1
10077,41,18,333,0,0,2,1
1353,41,16,343,0,0,2,1
1014,37,21,336,0,0,2,1
7762,38,16,429,0,0,2,1
7984,27,12,312,0,0,2,1
216,46,11,408,0,0,2,1
9,34,16,319,0,0,2,1
25,28,13,346,0,0,2,1
71719,34,25,328,0,0,2,1
107,23,17,295,0,0,2,1
3460,30,19,304,0,0,2,1
9880,36,12,334,0,0,2,1
1304,31,24,379,0,0,2,1
365,42,14,347,0,0,2,1
18,27,10,336,0,0,2,1
1772,35,13,321,0,0,2,1
2291,31,21,335,0,0,2,1
988,20,15,353,0,0,2,1
0,37,16,373,0,0,2,1
122,31,13,329,0,0,2,1
12138,21,17,362,0,0,2,1
57,34,15,337,0,0,2,1
19,26,17,344,0,0,2,1
1,41,20,332,0,0,2,1
1248,35,16,334,0,0,2,1
9009,39,11,319,0,0,2,1
9399,29,8,342,0,0,2,1
1904,27,16,310,0,0,2,1
934,26,17,300,0,0,2,1
439,33,13,334,0,0,2,1
2511,39,18,312,0,0,2,1
8,42,24,349,0,0,2,1
12607,27,15,348,1,0,2,1
0,30,25,299,0,0,2,1
3475,42,14,348,0,0,2,1
8718,35,20,309,0,0,2,1
93,52,17,418,0,0,2,1
2,26,17,333,0,0,2,1
274,35,20,350,0,0,2,1
195,30,17,351,0,0,2,1
1878,44,10,394,0,0,2,1
2248,39,15,332,0,0,2,1
1151,41,16,311,0,0,2,1
497,36,14,332,0,0,2,1
0,35,14,273,0,0,2,1
1381,34,16,336,1,0,2,1
12,30,15,343,0,0,2,1
35,29,22,293,0,0,2,1
27,31,17,343,0,0,2,1
7015,33,12,302,0,0,2,1
5451,35,15,326,0,0,2,1
11209,36,18,328,0,0,2,1
108,50,11,355,0,0,2,1
501,21,11,329,0,0,2,1
186,33,20,322,0,0,2,1
86,25,12,311,0,0,2,1
32,33,10,276,0,0,2,1
3,36,12,350,0,0,2,1
1980,32,16,316,0,0,2,1
213,34,18,333,0,0,2,1
78,46,16,374,0,0,2,1
121,31,19,370,0,0,2,1
10840,24,7,321,0,0,2,1
1594,32,12,321,0,0,2,1
10316,34,13,330,0,0,2,1
140,48,20,412,0,0,2,1
0,39,23,371,0,0,2,1
1518,33,29,313,0,0,2,1
48282,42,22,312,0,0,2,1
1495,36,17,335,0,0,2,1
8559,31,19,337,0,0,2,1
2395,35,15,308,0,0,2,1
82107,20,11,354,0,0,2,1
16863,41,14,330,0,0,2,1
9226,35,14,327,0,0,2,1
2779,26,19,323,0,0,2,1
2665,26,17,325,0,0,2,1
7,42,9,333,0,0,2,1
22529,26,23,341,0,0,2,1
799,30,12,333,0,0,2,1
0,59,22,540,0,0,2,1
895,47,15,520,0,0,2,1
12770,53,17,536,0,0,2,1
27213,32,17,325,0,0,2,1
1285,34,23,354,0,0,2,1
8394,30,17,314,0,0,2,1
6490,32,18,302,0,0,2,1
21099,35,10,293,0,0,2,1
0,61,30,535,0,0,2,1
7670,29,20,333,0,0,2,1
8833,33,18,326,0,0,2,1
16251,33,13,314,0,0,2,1
3220,29,27,361,0,0,2,1
12,33,12,327,0,0,2,1
1547,36,15,322,0,0,2,1
9232,43,14,317,0,0,2,1
120,31,18,347,0,0,2,1
1711,16,15,322,0,0,2,1
8400,26,14,314,0,0,2,1
1348,30,13,307,0,0,2,1
23,32,17,319,0,0,2,1
1,48,14,361,0,0,2,1
4,26,17,313,0,0,2,1
5,40,15,338,0,0,2,1
19,26,14,323,0,0,2,1
44,30,10,292,0,0,2,1
4963,28,13,347,0,0,2,1
5268,27,20,299,0,0,2,1
108,19,21,276,0,0,2,1
5169,28,16,299,0,0,2,1
623,23,15,324,0,0,2,1
480,32,17,336,0,0,2,1
1687,23,19,310,0,0,2,1
65496,31,12,305,0,0,2,1
199,24,17,305,0,0,2,1
183,25,14,348,0,0,2,1
1430,30,17,295,0,0,2,1
8,34,22,286,0,0,2,1
1,38,23,323,0,0,2,1
0,37,25,323,0,0,2,1
2003,38,17,288,2,0,2,1
8685,54,23,517,0,0,2,1
6728,29,18,263,0,0,2,1
182,44,16,326,0,0,2,1
1,22,18,305,0,0,2,1
117,26,18,303,0,0,2,1
10830,29,18,324,0,0,2,1
41,36,21,313,0,0,2,1
0,35,15,294,0,0,2,1
12,28,25,318,0,0,2,1
20604,39,16,336,0,0,2,1
47910,44,17,323,0,0,2,1
780,24,32,265,0,0,2,1
8002,27,18,301,0,0,2,1
16704,35,18,314,0,0,2,1
43,31,17,322,0,0,2,1
3642,26,14,305,0,0,2,1
629,30,15,321,0,0,2,1
795,29,20,309,0,0,2,1
14260,35,16,306,0,0,2,1
3,33,9,298,0,0,2,1
1491,54,24,657,0,0,2,1
0,23,20,308,0,0,2,1
38,20,18,317,0,0,2,1
0,28,13,332,0,0,2,1
48,33,16,323,0,0,2,1
430,28,11,306,0,0,2,1
327,58,23,461,0,0,2,1
830,26,14,326,0,0,2,1
9664,32,32,326,0,0,2,1
791,32,15,328,0,0,2,1
20,21,16,288,0,0,2,1
0,57,22,468,0,0,2,1
0,33,17,326,0,0,2,1
0,28,24,320,0,0,2,1
0,35,15,321,0,0,2,1
5689,32,23,352,0,0,2,1
12239,32,22,351,0,0,2,1
4607,54,17,536,0,0,2,1
6235,16,10,306,0,0,2,1
2277,50,19,543,0,0,2,1
47952,29,16,292,0,0,2,1
29422,41,25,349,0,0,2,1
0,31,16,338,0,0,2,1
0,59,24,626,0,0,2,1
61,36,18,330,0,0,2,1
8523,31,19,315,0,0,2,1
18167,28,14,316,0,0,2,1
19243,60,20,527,0,0,2,1
0,36,18,286,0,0,2,1
673,26,19,311,0,0,2,1
474,61,19,494,0,0,2,1
15322,18,23,272,0,0,2,1
0,30,15,280,0,0,2,1
55933,22,14,260,0,0,2,1
0,26,13,273,0,0,2,1
0,29,18,309,0,0,2,1
122,55,23,624,0,0,2,1
0,58,48,481,0,0,2,1
0,54,31,536,1,0,2,1
0,28,16,325,0,0,2,1
1036,23,15,323,0,0,2,1
21211,32,21,326,0,0,2,1
25,35,18,310,0,0,2,1
549,20,9,334,0,0,2,1
0,54,26,500,0,0,2,1
8415,36,0,2,0,0,2,1
13354,52,25,533,0,0,2,1
9564,30,22,270,0,0,2,1
0,34,23,342,0,0,2,1
42506,20,11,294,0,0,2,1
50,34,26,302,0,0,2,1
0,34,21,316,0,0,2,1
0,50,18,685,0,0,2,1
0,26,11,302,0,0,2,1
0,35,18,365,0,0,2,1
0,29,23,306,0,0,2,1
25,16,15,268,0,0,2,1
0,63,28,535,0,0,2,1
12625,26,15,284,0,0,2,1
86402,34,20,280,0,0,2,1
0,37,12,317,0,0,2,1
146,41,20,332,0,0,2,1
0,27,24,294,0,0,2,1
372,34,14,319,0,0,2,1
2550,23,10,297,0,0,2,1
327,27,16,318,0,0,2,1
0,21,18,267,0,0,2,1
0,35,17,313,0,0,2,1
48,29,18,325,0,0,2,1
875,30,9,264,0,0,2,1
16009,33,24,336,0,0,2,1
21,25,14,302,0,0,2,1
3815,31,13,327,0,0,2,1
0,37,23,310,0,0,2,1
0,32,17,308,0,0,2,1
0,33,11,345,0,0,2,1
0,33,18,266,0,0,2,1
11767,34,16,275,0,0,2,1
2189,25,20,313,0,0,2,1
0,38,13,320,0,0,2,1
21,22,17,262,0,0,2,1
628,20,17,304,0,0,2,1
563,23,12,269,0,0,2,1
1033,47,16,328,0,0,2,1
6,19,16,289,0,0,2,1
0,67,22,668,5,0,2,1
0,25,18,308,0,0,2,1
0,37,20,326,0,0,2,1
0,31,16,315,0,0,2,1
0,32,14,293,0,0,2,1
0,32,20,287,0,0,2,1
1,54,21,514,0,0,2,1
293,26,13,282,0,0,2,1
0,25,15,274,0,0,2,1
49,31,14,307,0,0,2,1
44,28,18,297,0,0,2,1
494,28,25,269,0,0,2,1
12,21,17,303,0,0,2,1
1,20,15,319,0,0,2,1
1624,24,12,272,0,0,2,1
0,23,18,284,0,0,2,1
21,20,18,277,0,0,2,1
1145,26,15,308,0,0,2,1
111,30,20,313,0,0,2,1
256,31,19,267,0,0,2,1
0,23,19,319,0,0,2,1
171,33,13,341,0,0,2,1
10471,29,19,228,0,0,2,1
1906,32,21,289,0,0,2,1
2513,17,21,284,0,0,2,1
12122,31,15,317,0,0,2,1
363,23,16,299,0,0,2,1
11305,30,16,293,0,0,2,1
226,29,19,298,0,0,2,1
440,27,14,289,0,0,2,1
13094,23,23,288,0,0,2,1
2293,26,19,280,0,0,2,1
739,34,10,281,0,0,2,1
0,22,12,314,0,0,2,1
342,35,21,255,0,0,2,1
1,23,17,295,0,0,2,1
1342,33,10,266,0,0,2,1
1214,40,16,305,0,0,2,1
229,35,12,307,0,0,2,1
6345,23,14,263,0,0,2,1
0,27,14,285,0,0,2,1
10,26,16,302,0,0,2,1
3162,32,17,267,0,0,2,1
80,25,18,267,0,0,2,1
2903,28,22,279,0,0,2,1
327,29,15,270,0,0,2,1
129,24,18,267,0,0,2,1
2581,24,15,301,0,0,2,1
10264,32,15,276,0,0,2,1
4427,31,8,259,0,0,2,1
1410,29,6,245,0,0,2,1
15,28,20,288,0,0,2,1
137,39,16,277,0,0,2,1
5196,26,13,262,0,0,2,1
286,24,12,307,0,0,2,1
2,20,16,303,0,0,2,1
3002,26,12,278,0,0,2,1
750,31,18,270,0,0,2,1
15,25,24,270,0,0,2,1
14245,26,12,288,0,0,2,1
0,29,16,262,0,0,2,1
8374,29,7,241,0,0,2,1
681,29,23,307,0,0,2,1
36,20,12,272,0,0,2,1
20,27,19,272,0,0,2,1
526,30,16,273,0,0,2,1
0,24,17,288,0,0,2,1
1,24,22,260,0,0,2,1
3278,25,11,280,0,0,2,1
6934,27,16,299,0,0,2,1
5920,22,21,279,0,0,2,1
18165,23,17,287,0,0,2,1
14871,24,17,316,0,0,2,1
3165,34,15,274,0,0,2,1
0,29,17,283,0,0,2,1
256,31,20,295,0,0,2,1
2406,27,18,320,2,0,2,1
96090,16,13,294,0,0,2,1
809,17,23,263,0,0,2,1
57,31,15,316,0,0,2,1
1854,28,16,288,0,0,2,1
30244,31,12,290,0,0,2,1
48473,35,16,302,0,0,2,1
5897,29,19,313,0,0,2,1
13237,22,22,274,0,0,2,1
1,27,18,272,0,0,2,1
0,17,20,276,0,0,2,1
2070,36,18,301,0,0,2,1
17,23,16,314,0,0,2,1
903,29,22,278,0,0,2,1
1781,25,15,289,0,0,2,1
0,28,16,331,0,0,2,1
1496,29,11,293,0,0,2,1
3417,36,14,303,1,0,2,1
3013,32,12,308,0,0,2,1
6363,31,13,287,0,0,2,1
21537,44,12,298,0,0,2,1
25,27,11,307,0,0,2,1
20,24,10,306,0,0,2,1
4,24,13,283,0,0,2,1
0,63,16,637,0,0,2,1
7643,20,11,282,0,0,2,1
34206,55,17,569,0,0,2,1
731,32,14,285,0,0,2,1
284,31,20,288,0,0,2,1
7,67,27,681,0,0,2,1
67,30,18,264,0,0,2,1
380,20,11,289,0,0,2,1
23,60,21,635,0,0,2,1
4534,30,16,308,0,0,2,1
0,24,22,280,0,0,2,1
1067,61,21,649,0,0,2,1
2,27,12,283,0,0,2,1
53,24,18,271,0,0,2,1
1053,56,30,614,0,0,2,1
412,20,21,277,0,0,2,1
6757,32,9,287,0,0,2,1
39873,27,15,294,0,0,2,1
8670,57,25,577,0,0,2,1
109,27,20,289,0,0,2,1
9615,38,20,332,0,0,2,1
82,25,22,266,0,0,2,1
3886,22,18,244,0,0,2,1
529,26,21,259,0,0,2,1
0,37,18,549,0,0,2,1
1060,28,15,270,0,0,2,1
1175,29,13,273,0,0,2,1
8417,32,8,291,0,0,2,1
2554,28,12,295,0,0,2,1
42,26,16,280,0,0,2,1
327,33,21,291,0,0,2,1
387,30,25,262,0,0,2,1
440,20,13,256,0,0,2,1
0,25,18,319,0,0,2,1
2593,35,18,286,0,0,2,1
2507,29,17,281,0,0,2,1
675,17,20,282,0,0,2,1
2182,25,25,250,0,0,2,1
265,26,17,278,0,0,2,1
59,38,14,283,0,0,2,1
0,30,17,276,0,0,2,1
5033,28,14,249,0,0,2,1
5370,20,15,296,0,0,2,1
3227,24,17,273,0,0,2,1
206,28,13,282,0,0,2,1
44150,32,9,308,0,0,2,1
36,28,14,281,0,0,2,1
1,29,18,280,0,0,2,1
1738,26,10,237,0,0,2,1
65,28,16,266,0,0,2,1
917,27,16,255,0,0,2,1
355,23,21,253,0,0,2,1
469,25,13,326,0,0,2,1
28,29,19,303,0,0,2,1
303,26,21,269,0,0,2,1
4634,25,19,302,0,0,2,1
213,24,12,294,0,0,2,1
3980,38,11,262,0,0,2,1
2103,20,19,257,0,0,2,1
4947,35,21,270,0,0,2,1
25032,30,18,247,0,0,2,1
29,22,22,258,0,0,2,1
254,30,11,258,0,0,2,1
21499,28,13,276,0,0,2,1
1059,18,18,276,0,0,2,1
573,25,21,274,0,0,2,1
3351,26,16,278,0,0,2,1
24257,27,17,311,0,0,2,1
1696,24,26,276,0,0,2,1
505,32,16,264,0,0,2,1
175,25,17,270,0,0,2,1
175,28,14,249,0,0,2,1
4658,25,15,267,0,0,2,1
72,25,14,269,0,0,2,1
16613,29,14,284,0,0,2,1
0,26,9,299,0,0,2,1
10199,27,25,306,0,0,2,1
230,26,15,274,0,0,2,1
0,22,13,251,0,0,2,1
11761,35,13,275,0,0,2,1
1,19,13,263,0,0,2,1
86,22,13,260,0,0,2,1
327,28,13,247,0,0,2,1
2826,33,22,319,0,0,2,1
274,37,21,294,0,0,2,1
2,29,13,306,0,0,2,1
3526,38,12,236,0,0,2,1
8611,24,20,250,0,0,2,1
371,23,10,263,0,0,2,1
2868,29,14,280,0,0,2,1
18120,37,20,290,0,0,2,1
144,31,15,261,0,0,2,1
1541,24,12,245,0,0,2,1
547,24,9,264,0,0,2,1
2153,32,14,296,0,0,2,1
1129,25,20,263,0,0,2,1
7483,27,14,285,0,0,2,1
6612,20,19,243,0,0,2,1
487,20,21,267,0,0,2,1
3910,20,14,254,0,0,2,1
47,36,13,290,0,0,2,1
0,28,15,285,0,0,2,1
236,24,17,233,0,0,2,1
1409,29,13,280,0,0,2,1
5555,24,15,235,0,0,2,1
108,18,12,255,0,0,2,1
676,37,42,404,0,0,2,1
52,33,18,264,0,0,2,1
1987,20,17,244,0,0,2,1
13831,29,12,239,0,0,2,1
27901,29,15,297,0,0,2,1
27235,20,12,254,0,0,2,1
4711,26,23,279,0,0,2,1
12081,31,18,250,0,0,2,1
1276,23,18,233,0,0,2,1
16503,40,23,272,0,0,2,1
94,29,11,245,0,0,2,1
1044,27,22,275,0,0,2,1
7689,29,14,248,0,0,2,1
294,37,16,297,0,0,2,1
0,23,21,254,0,0,2,1
17,26,11,230,0,0,2,1
3,30,15,264,0,0,2,1
279,38,22,302,0,0,2,1
38,28,20,239,0,0,2,1
0,26,21,281,0,0,2,1
3487,27,13,275,0,0,2,1
4331,32,16,251,0,0,2,1
47,30,13,274,0,0,2,1
418,31,20,259,0,0,2,1
6,29,18,291,0,0,2,1
498,56,25,522,0,0,2,1
507,36,15,252,0,0,2,1
45,13,21,273,0,0,2,1
47,22,11,253,0,0,2,1
7033,26,12,307,0,0,2,1
757,30,22,303,0,0,2,1
335,34,20,280,0,0,2,1
5275,28,17,281,0,0,2,1
327,30,14,265,0,0,2,1
1,17,20,259,0,0,2,1
3959,30,15,271,0,0,2,1
1484,29,11,275,0,0,2,1
0,53,13,299,0,0,2,1
1293,35,16,294,0,0,2,1
4877,36,16,290,0,0,2,1
124,35,12,301,0,0,2,1
6088,26,13,238,0,0,2,1
37062,32,12,286,0,0,2,1
76,29,17,252,0,0,2,1
394,34,12,260,0,0,2,1
1727,40,16,284,0,0,2,1
5987,28,25,272,0,0,2,1
2754,26,17,278,0,0,2,1
1440,27,7,296,0,0,2,1
21216,37,20,300,0,0,2,1
1433,32,23,284,0,0,2,1
379,61,42,435,0,0,2,1
6285,32,17,300,0,0,2,1
1,19,13,275,0,0,2,1
2587,24,10,259,0,0,2,1
53,37,12,290,0,0,2,1
24849,22,12,252,0,0,2,1
433,14,10,237,0,0,2,1
155,34,13,237,0,0,2,1
7628,22,15,216,0,0,2,1
35,34,14,251,0,0,2,1
932,21,14,251,0,0,2,1
124,22,11,241,0,0,2,1
3976,29,7,221,0,0,2,1
92,35,12,242,0,0,2,1
13662,30,11,272,0,0,2,1
0,33,9,237,0,0,2,1
114,22,7,263,0,0,2,1
202,31,12,201,0,0,2,1
7834,26,17,215,0,0,2,1
10,31,8,233,0,0,2,1
0,28,19,224,0,0,2,1
14914,32,15,256,0,0,2,1
327,28,8,240,0,0,2,1
354,20,11,207,0,0,2,1
19,30,12,224,0,0,2,1
2649,14,5,190,0,0,2,1
2721,28,7,205,0,0,2,1
1622,19,14,265,0,0,2,1
14186,29,9,197,0,0,2,1
0,24,16,268,0,0,2,1
0,22,11,244,0,0,2,1
3082,24,14,204,0,0,2,1
4899,31,11,242,0,0,2,1
8773,26,18,219,0,0,2,1
2373,26,11,218,0,0,2,1
1873,37,16,227,0,0,2,1
1369,26,8,232,0,0,2,1
23,24,16,214,0,0,2,1
5075,19,12,228,0,0,2,1
484,25,8,203,0,0,2,1
7207,35,13,221,0,0,2,1
28,18,7,201,0,0,2,1
745,25,8,210,0,0,2,1
54,17,6,204,0,0,2,1
1072,27,14,202,0,0,2,1
2,34,11,228,0,0,2,1
42,23,12,210,0,0,2,1
35,19,16,216,0,0,2,1
0,25,8,222,0,0,2,1
0,28,9,224,0,0,2,1
2160,23,12,214,0,0,2,1
13543,27,8,219,0,0,2,1
43260,30,11,228,0,0,2,1
5311,20,14,201,0,0,2,1
3373,21,15,236,0,0,2,1
621,32,11,253,0,0,2,1
3209,21,12,211,0,0,2,1
6637,27,13,204,0,0,2,1
141,21,7,210,0,0,2,1
1268,26,11,203,0,0,2,1
65,2,0,37,0,0,2,1
927,1,0,34,0,0,2,1
355,4,1,23,0,0,2,1
0,3,0,35,0,0,2,1
31025,3,1,22,0,0,2,1
154,3,2,44,0,0,2,1
812,4,1,32,0,0,2,1
2535,3,1,33,0,0,2,1
1234,2,1,30,0,0,2,1
390,3,2,29,0,0,2,1
20,4,0,37,0,0,2,1
1860,3,2,42,0,0,2,1
17708,3,2,24,0,0,2,1
136,2,2,26,0,0,2,1
0,3,1,22,0,0,2,1
117,2,0,36,0,0,2,1
880,2,0,40,0,0,2,1
664,3,3,46,0,0,2,1
4047,0,0,32,0,0,2,1
59638,1,1,33,0,0,2,1
125456,3,1,27,0,0,2,1
2563,1,1,32,0,0,2,1
244,2,0,21,0,0,2,1
95,4,2,43,0,0,2,1
0,2,1,24,0,0,2,1
239,3,1,42,0,0,2,1
86,2,0,39,0,0,2,1
5885,4,4,36,0,0,2,1
532,3,0,37,0,0,2,1
729,3,1,39,0,0,2,1
5758,4,3,31,0,0,2,1
7645,2,2,38,0,0,2,1
685,2,0,31,0,0,2,1
352,5,0,31,0,0,2,1
76,3,3,32,0,0,2,1
1004,3,1,42,0,0,2,1
6,4,0,17,0,0,2,1
3502,4,0,41,0,0,2,1
5881,2,2,24,0,0,2,1
0,3,1,44,0,0,2,1
0,1,2,21,0,0,2,1
957,3,2,48,0,0,2,1
1895,3,0,48,0,0,2,1
327,2,0,38,0,0,2,1
0,5,1,36,0,0,2,1
0,3,0,32,0,0,2,1
562,1,0,11,0,0,2,1
5,1,1,32,0,0,2,1
51,3,3,54,0,0,2,1
10936,3,1,22,0,0,2,1
1194,2,0,31,0,0,2,1
40,5,0,41,0,0,2,1
2065,3,0,29,0,0,2,1
1675,4,0,40,0,0,2,1
1684,2,0,31,0,0,2,1
38,4,0,36,0,0,2,1
5,2,2,29,0,0,2,1
2,1,1,32,0,0,2,1
4098,3,1,34,0,0,2,1
1445,4,1,45,0,0,2,1
13,3,0,21,0,0,2,1
1456,2,1,36,0,0,2,1
41942,1,4,25,0,0,2,1
1,3,0,39,0,0,2,1
452,1,1,24,0,0,2,1
2460,1,2,22,0,0,2,1
2831,3,0,42,0,0,2,1
880,2,0,28,0,0,2,1
285,4,0,33,0,0,2,1
400,2,1,38,0,0,2,1
5369,2,3,36,0,0,2,1
187,0,1,21,0,0,2,1
3203,2,0,29,0,0,2,1
13525,2,0,33,0,0,2,1
6645,2,1,36,0,0,2,1
5,2,6,45,0,0,2,1
353,3,3,33,0,0,2,1
599,3,1,38,0,0,2,1
72,4,1,24,0,0,2,1
13,3,0,30,0,0,2,1
9404,1,1,25,0,0,2,1
170,1,1,20,0,0,2,1
6,3,1,23,0,0,2,1
2972,0,1,24,0,0,2,1
332,4,1,24,0,0,2,1
473,3,0,34,0,0,2,1
7739,1,1,23,0,0,2,1
1590,1,2,26,0,0,2,1
38210,4,0,25,0,0,2,1
3997,2,3,24,0,0,2,1
0,6,2,26,0,0,2,1
327,3,1,34,0,0,2,1
676,3,1,22,0,0,2,1
7876,2,0,25,0,0,2,1
942,0,1,34,0,0,2,1
170,3,0,24,0,0,2,1
43,4,0,28,0,0,2,1
4637,1,1,21,0,0,2,1
0,2,1,22,0,0,2,1
87,1,0,25,0,0,2,1
1169,3,0,24,0,0,2,1
18,2,1,26,0,0,2,1
761,3,1,28,0,0,2,1
834,2,1,18,0,0,2,1
22,3,0,31,0,0,2,1
3834,1,1,9,0,0,2,1
183,4,0,28,0,0,2,1
595,2,1,17,0,0,2,1
221,4,1,27,0,0,2,1
2519,3,0,19,0,0,2,1
946,3,1,20,0,0,2,1
386,1,1,19,0,0,2,1
47,6,0,19,0,0,2,1
1422,1,0,16,0,0,2,1
36745,0,0,17,0,0,2,1
913,2,1,21,0,0,2,1
707,0,0,20,0,0,2,1
521,2,1,8,0,0,2,1
10919,3,0,15,0,0,2,1
1871,1,0,17,0,0,2,1
159,3,0,16,0,0,2,1
4573,1,2,19,0,0,2,1
993,2,2,15,0,0,2,1
12933,1,1,17,0,0,2,1
314,1,2,20,0,0,2,1
71,2,0,15,0,0,2,1
0,2,1,20,0,0,2,1
313,2,1,14,0,0,2,1
1009,1,0,18,0,0,2,1
1,1,2,15,0,0,2,1
781,2,2,15,0,0,2,1
3459,2,1,18,0,0,2,1
7,3,1,22,0,0,2,1
253,2,0,18,0,0,2,1
34,2,0,22,0,0,2,1
0,2,0,24,0,0,2,1
11654,1,1,12,0,0,2,1
874,1,1,21,0,0,2,1
0,2,1,19,0,0,2,1
523,1,0,17,0,0,2,1
0,0,1,17,0,0,2,1
327,2,0,15,0,0,2,1
251,2,0,16,0,0,2,1
35222,0,0,17,0,0,2,1
